car_id,make,model,trim,year,title,description,photo_url,price_aed,mileage_km,body_type,exterior_color,transmission,fuel_type,condition,warranty_years,regional_spec
0,ferrari,f430,standard,2007,2007 | Ferrari | F430 (Car by Al Tayer),"A decade of experience in Luxury car selling and buying. Every model for sale has been delivered to the highest level of quality standards.
DESCRIPTION
• Car Name: Ferrari F430 (Car by Al Tayer)
• Spec: US
• Mileage: 35,711 Kms
To find out more about Who We Are & to view our latest collection
We welcome you to visit our showroom — open 7 days a week:
* Monday to Saturday: 10 AM – 9 PM
* Sunday: 12 PM - 6 PM
You can also stay connected with us on",https://dbz-images.dubizzle.com/images/2024/05/18/efe71dbbc361422a82950ff3aa798208-.jpeg?impolicy=dpv,,35711.0,,,,,,,US
1,mercedes-benz,glc-class,glc 200 4matic,2026,2026 Mercedes GLC 200 Coupe 0KM | 2 Years Warranty,"Experience the perfect blend of luxury, performance, and style with the 2026 Mercedes GLC 200 Coupe. This sleek black GCC-spec vehicle with 0KM offers a smooth and powerful drive, premium interior features, and modern technology designed for comfort and elegance. With a 2-year warranty included, it is an ideal choice for anyone looking for a reliable and high-performance luxury SUV in the UAE. Available now at Steer Well Auto, your trusted destination for quality Mercedes vehicles in Dubai.
Key Details:
• Model: 2026 Mercedes GLC 200 Coupe
• GCC Specifications
• 0KM
• Exterior: Black
• Engine: 2.0L 4-Cylinder Petrol
• Power: 220HP for smooth and responsive performance
• Premium interior with advanced features
• 2 Years Warranty Included
• Luxury SUV combining style, comfort, and reliability
• Perfect for buyers searching for Mercedes GLC 200 in Dubai and UAE
• Available at Steer Well Auto – Trusted Dealer in Dubai
*NOTE: The aforementioned Price is Exclusive of 5% VAT.
•••••••••••••••••••••••••••••••••••••••••••••
Our Services:
• After Sales Service.
• Registration Assistance
• Best deals by country and continent.
• Dedicated team support for export buying.
• From unique to trendy, we offer a wide range of vehicle choices.
• Interactive updates of process and shipping history for export sales.
•••••••••••••••••••••••••••••••••••••••••••••
WHY CHOOSE STEER WELL CARS?
• Since 1984
• Over 1500 vehicles.
• Flexible buying options.
• Known for the Best Price in the Market.
• One of the oldest auto dealers in the UAE market.
• Experience in shipping worldwide for export sales.
• Excellent customer service and buying/selling experience.
•••••",https://dbz-images.dubizzle.com/images/2025/11/24/8fb439787eed40b4b4e5d45c3c1d95b6-.jpeg?impolicy=dpv,,0.0,suv,Black,,petrol,new,2.0,GCC
2,ford,territory,titanium,2024,"1,430AED / Month | 0% DP AVAIL | TERRITORY TITANIUM 1.8 | FORD WARRANTY","SUMMARY
• Zero down payment available
• Full Ford service history
• Ford warranty until 6/2028 or 100,000 kms
• Ford Service Plan until 6/2028 or 100,000 kms
• GCC Specification
• Trade-In or Part Exchange Accepted
TRANSMISSION & POWER
• 7 Speed Automatic Transmission
• Max Power: 190 Hp | Max Torque: 320 Nm
HIGHLIGHTS
• 18” Ford Alloy wheels
• Cruise control
• Apple CarPlay & Android Auto
• Auto hold braking
• Auto start and stop
• Premium audio system
• Auto opening tailgate
• ISOFIX child seat restraints
• Leather interior
• Parking camera and parking sensors
• Sunroof
• Tire pressure monitoring
• Touchscreen entertainment system
SPEAK TO THE TEAM",https://dbz-images.dubizzle.com/images/2025/12/05/985b61ed0d65451094a61e301eebf4ed-.jpeg?impolicy=dpv,,,suv,,automatic,,used,,GCC
3,chevrolet,malibu,other,2024,شفروليه ماليبو 2024 فل بانوراما أوراق جمارك,"ماليبو 2024
فل بانوراما أوراق جمارك
بحاله ممتازه
ضمان فحص المرور
ممكن التمويل عن طريق البنك بدون دفعه أولى",https://dbz-images.dubizzle.com/images/2025/12/09/1f277e3ec5604815883311e77fd90363-.heic?impolicy=dpv,,,,,,,,,
4,haval,h9,4wd,2026,Haval H9 2026 GCC specs | Agency Warranty,"Payment plans through bank finance:
• AED 2,040.00 monthly for 5 years with 10% Down-Payment
• AED 1,813.00 monthly for 5 years with 20% Down-Payment
• AED 115,750.00 in cash
Discover the exceptional 2026 Haval H9 Medium SUV – a stunning blend of sophistication, power, and innovation. With a remarkable 2.0 L petrol engine delivering 218 hp , this 4WD vehicle ensures a dynamic driving experience, complemented by an 8-speed automatic transmission.
Step inside to indulge in luxury with leather upholstery and a stylish orange interior. The Haval H9 offers seamless connectivity with Apple CarPlay and Android Auto integrated into the multimedia navigation system. You’ll appreciate the convenience of keyless entry, push-button start , and advanced electronic controls.
Safety is paramount with features such as ABS, TCS, TPMS, Parktronic systems, and a 360° camera. Navigate effortlessly with hill-assist control, downhill-assist control , and traffic-sign recognition. The Agency Warranty covers 6 years or 200,000 km, ensuring peace of mind.
• Flexible Down-Payment Options Available
• Brand New – Only 18 km mileage
• Price excludes 5% VAT
Elevate your adventures with the Haval H9 – where luxury meets performance. Book a test drive today!
Equipment:
• Anti-lock braking system (ABS)
• Traction control system (TCS)
• Tire-pressure monitoring system (TPMS)
• On-board computer
• Cruise control
• Parktronic front and rear
• 360° camera
• Hill-assist control (HAC)
• Traffic-sign recognition (TSR)
• Push button start
• Keyless entry
• Navigation system
• Multimedia system
• Apple CarPlay
• Android Auto
• Audio system
• Multifunction steering wheel
• Leather upholstery
• Sunroof
• Gear shift paddles
• Downhill-assist control (DAC)
• Decorative interior lighting
• Electronic dashboard
• Orange interior
• Touchscreen
• Electronic",https://dbz-images.dubizzle.com/images/2026/04/02/3c22f57ed4e34b259fb82ccfbb589a95-.jpeg?impolicy=dpv,115750.0,18.0,suv,,automatic,petrol,new,6.0,GCC
5,mercedes-benz,c-class,c200,2021,AED 1611/month | 2021 Mercedes-Benz C-Class C200 | GCC Specs | Ref#410818,"Starting from 1611 per month
Payable in 60 months
20% down payment
**Bank terms & conditions may apply
2021
Mercedes-Benz C-Class
2000 - 2499 cc 4 cylinders
100 - 199 HP
--------------------------------------------
GCC Specs
77820 kms
1. Black with Leather Interior
2. Bluetooth System
3. Cruise Control
4. Tiptronic Gears
5. Park Assist
6. Lane Change Assist
7. Blind Spot Indicator
8. Power Seats
9. Dual Sunroof
10. Keyless Entry and Start
11. 360 Degree Camera
12. Front and Rear Parking Sensors
13. Rear Wheel Drive
--------------------------------------------
AED 106000
--------------------------------------------
Buy this car with confidence from dubizzle cars!
What is dubizzle cars?
We believe the process of buying and selling a car in the UAE should be easy, transparent, and hassle-free. We help sellers find the right buyers for their cars, and buyers find the right cars for their needs.
What to expect from dubizzle cars?
✅ No guesswork
Know what you're buying with our standard condition report. All cars undergo a thorough bumper-to-bumper inspection at the time of listing and a 120-point report is available for serious buyers, which checks for engine leaks, electrical components, exterior paint condition and accident history, interior condition, and tire condition.
✅ No stress
Relax as the experts at dubizzle cars do all the work for you. We manage the interaction between the buyer and seller, from beginning to end. Your funds are fully protected at the transaction stage since we manage the ownership title transfer at RTA/Muroor.
Best part?
Need a more comprehensive inspection?
Upgrade to the advanced c",https://dbz-images.dubizzle.com/images/2026/01/08/3e6bc8b063a7433391391e1938bb2d6f-.jpeg?impolicy=dpc,106000.0,77820.0,sedan,Black,,,used,,GCC
6,audi,q8,55 tfsi quattro s line,2023,"4,000 P.M | 0% DownPayment | Under Warranty | SummerOffer ABT BodyKit","SUMMER OFFER ☀️⏳
✅ FREE REGISTRATION 📝
✅ FREE WINDOW TINTING 🪟✨
✅ FREE 1 YEAR PREMIUM WARRANTY 🛡️📅
✅ FREE SALIK TAG 🚗🔖
T&Cs apply.
Under Premium Warranty
⸻
Why This Audi Q8 55 TFSI Quattro S Line?
Luxury sport SUV combining sophisticated design, advanced technology, and powerful V6 performance with quattro all-wheel drive capability. This 2023 model is a pristine, accident-free GCC example with full service history and excellent condition. It comes with comprehensive warranty and service package for complete peace of mind. We offer this exceptional luxury SUV at the most competitive price in the market.
⸻
Flexible Bank Financing Options:
• Option 1: AED 4,000/month for 5 years – 0% Down Payment
• Option 2: AED 2,700/month for 5 years – 20% Down Payment
Selling Price: AED 204,999
(Plus applicable government taxes)
⸻
Audi Q8 55 TFSI Quattro S Line Highlights:
• 3.0L V6 TFSI Engine
• quattro All-Wheel Drive System
• 8-Speed Tiptronic Automatic Transmission
• S Line Exterior & Interior Package
• Audi Virtual Cockpit Plus
• MMI Navigation Plus with Touchscreen
• Apple CarPlay & Android Auto
• Bang & Olufsen Premium Sound System
• Panoramic Glass Sunroof
• 360° Camera & Parking Sensors
• Keyless Entry & Push Start
• Leather Sports Seats with Power Adjustment
• 21"" Audi Sport Alloy Wheels
• Multiple Drive Modes
• Advanced Safety Features
• Heating & Cooling Seats
• Head-Up Display
• ABT Sport Body Kit
⸻
Details:
• Mileage: 89,000 KM
• Warranty: 1 Year Premium Warranty
• Service: Can Be Added
• Ownership: GCC Spec | S Line Package | Accident-Free | Original Paint | Full Service History
⸻
Call/WhatsApp:
Website:
V",https://dbz-images.dubizzle.com/images/2026/01/16/05d0c1b7c19c43929a6ea8976e182b3e-.jpeg?impolicy=dpv,204999.0,89000.0,suv,,automatic,petrol,used,1.0,GCC
7,toyota,yaris,se,2023,"2023 | Toyota Yaris | V4, 1.5 | GCC | Ref#986","✅AL ARAM USED CARS
Address : Sharjah - Souq Al Haraj
Showroom No : Main Branch 34
Branch 2 : 357
Branch 3 : 332
Opening Time
From Saturday to Thursday:
9:00 AM to 9:00 PM
Friday : 4:00 PM TO 9:00 PM
---
اللآرام للسيارات المستعملة
موقعنا : الشارقة - سوق الحراج
موقعنا على الخارطة
Location map
لمزيد من العروض يرجى زيارة موقعنا
For more offers visit our website
Instagram : alaramcars
FaceBook : alaramusedcars
TikTok : alaramcars",https://dbz-images.dubizzle.com/images/2026/01/18/9cecabf3fe4a4c3ba1c774c87477a892-.jpeg?impolicy=dpv,,,,,,,,,GCC
8,nissan,maxima,sv,2020,2020 Nissan Maxima SV #360834,"3.5 V6 Front Wheel Drive
Payment : Cash / Credit Card",https://dbz-images.dubizzle.com/images/2026/01/25/0e58c1581de147599d244fc7187ba961-.jpeg?impolicy=dpv,,,,,,,,,
9,mercedes-benz,glc-class,glc 300 4matic,2020,2020 MERCEDES BENZ GLC300 4MATIC | GCC | EXCELLENT CONDITION |,"2020 MERCEDES BENZ GLC300 4MATIC | GCC | EXCELLENT CONDITION |
** NEW TIRES **
** NEW BATTERY **
VERY CLEAN EXTERIOR AND INTERIOR
Mercedes-Benz GLC
2.0L 4 cylinders
258 HP
--------------------------------------------
GCC Specifications
--------------------------------------------
1. white with Leather Interior
2. Climate Control
3. Bluetooth System
4. Navigation System
5. Cruise Control
6. Tiptronic Gears
7. Power Seats
8. Side Steps
9. Sunroof
10. Keyless Entry and Start
11. 360 Degree View Camera
12. Blind Spot Indicator
13. Park Assist
14. Front & Rear Parking Sensors
15. All Wheel Drive
SEVEN LUXURY CARS
THE TRUE DEFINITION OF LUXURY
** Multi brand dealer with decades of experience in the UAE for new and pre-owned luxury vehicles.
For more details follow us on INSTA ""sevenluxurycars"" and visit our showroom in Al Quoz industrial area 3 Dubai..",https://dbz-images.dubizzle.com/images/2026/02/03/ec72d409d9f145dfbad5bf5f9f9ad1a0-.jpeg?impolicy=dpv,,,suv,white,automatic,petrol,used,,GCC
10,mazda,cx-5,gl,2024,Mazda CX 5 2024 gcc accident free single owner under warranty,"Mazda CX-5 2024 mid option with push start cruise control rear camera Bluetooth gcc accident free single owner
GCC
Full service history
Well maintained
Multiple payment option available",https://dbz-images.dubizzle.com/images/2026/02/07/ba0cfc5c375e4d3b886d8333b68dfe82-.jpeg?impolicy=dpv,,,suv,,,,used,,GCC
11,mercedes-benz,c-class,c63 s amg,2024,BENZ C63s | E PERFORMANCE | 2024 | 1739Km ONLY| BRAND NEW | FRESH JAPAN IMPORT,"• Mercedes Benz C63s
• Year Of the Model - 2024
• E Performance
• Fully Loaded
• Black Interior
• Low Mileage
• Japan Imported
• Recently Arrived
• Neat & Clean Car
•••••••••••••••••••••••••••••••••••••••••••••••••••••••
Follow Us On Instagram For More Luxury Cars, Just Click on the Link.
•••••••••••••••••••••••••••••••••••••••••••••••••••••••
We have Direct access more then 160 Auctions in Japan. We can buy any type or any Model of the car by your Special Order,
So if you are Looking for Any type of the Car, Contact with Us or visit Our Showroom Mirza Automobile FZE,
•••••••••••••••••••••••••••••••••••••••••••••••••••••••
About Us :
A name you can trust, Welcome to Mirza Automobile FZE, We've been in the auto industry for 16 years in UAE, and 30 years in Japan.
•••••••••••••••••••••••••••••••••••••••••••••••••••••••
•••••••••••••••••••••••••••••••••••••••••••••••••••••••
Our Service : ( VIP )
• Flexible finance and insurance options .
• Expert sales and after-sales support .
• Car registration assistance .
( Insurance - Registration ) .
• Export deals and services available .
• we can deliver the car to any where on U.A.E<b",https://dbz-images.dubizzle.com/images/2026/04/17/4d41721e2ad2426ca721fe8eac906622-.jpeg?impolicy=dpv,,1739.0,sedan,,,,new,,Japanese
12,land rover,range rover sport,supercharged,2015,RANGE ROVER SPORT V8 * FULL OPTIONS * GCC SPEC * PANORAMIC * WELL_MAINTAINED,"SUPERCHARGED V8
GCC
AWESOME WHITE COLOR
TOP OF THE OPTIONS
PANORAMIC ROOF
PERFECT RANGE ROVER SPORT
GCC !
UNIQUE CONDITION !!!
CLEANEST RANGE ROVER SPORT IN UAE
HIGH LINE RIMS
THERE IS NO SINGLE SCRATCH ON THE CAR
VERY NEAT INSIDE AND OUTSIDE
NEVER HAD ANY MECHANICAL PROBLEMS
ACCIDENTS FREE
SERVICED ON TIME
ORIGINAL KEYS
FRANKLY THIS IS THE BEST RR SPORT
JUST SERVICED AND DOESNT NEED SINGLE DIRHAM TO SPEND ON IT
ALWAYS PARKED UNDER COVERED PARKING
NO SMOKERS OR KIDS INSIDE THE CAR
Best part about the car is the looks since its probably the best looking so far.
Honestly we can say it’s brand new after the last service has been done as they have replaced most of the parts just to be like the brand new car!",https://dbz-images.dubizzle.com/images/2025/01/14/a1948ec20c5e4628b455ccee6fb07f83-.jpeg?impolicy=dpv,,,,,,,,,
13,byd,han,premium,2025,2025 BYD Han L EV 701KM Premium | Laser Radar | Luxury Electric Sedan,"2025 BYD Han L EV 701KM Rear-Wheel Drive Laser Radar Premium Edition | Luxury Electric Sedan | Available Now at Jebel Ali, Dubai
Experience the evolution of intelligent electric luxury with the 2025 BYD Han L EV 701KM Laser Radar Premium Edition — the new benchmark in performance, technology, and design. This flagship electric sedan combines BYD’s latest E-Platform 3.0, Blade Battery technology, and laser radar intelligent driving system to deliver an unmatched driving experience.
Now available at Jebel Ali, Dubai, this long-range luxury EV is ready to redefine your journey.
The BYD Han L EV offers an exceptional 701KM range on a single charge, thanks to its ultra-efficient rear-wheel-drive electric powertrain. It delivers instant torque, smooth acceleration, and precise control — perfect for both city cruising and long highway drives across the UAE.
Equipped with laser radar sensors and advanced driver-assistance systems, the 2025 BYD Han L enhances every journey with confidence, safety, and precision. From design to performance, every element is crafted for discerning drivers who demand innovation and sophistication.
Key Features & Highlights:
Model: 2025 BYD Han L EV 701KM RWD Laser Radar Premium Edition
Powertrain: Rear-wheel drive with high-efficiency electric motor
Battery: BYD Blade Battery for extended 701KM driving range
Performance: Instant torque, smooth acceleration, zero emissions
Intelligent System: Laser radar + AI driving assistance
Interior: Nappa leather, panoramic roof, ambient lighting, elegant trim
Infotai",https://dbz-images.dubizzle.com/images/2025/11/10/5201e82224204e539b4cce38a7137401-.jpeg?impolicy=dpv,,,sedan,,,electric,new,,
14,mercedes-benz,v-class,other,2024,"AED 3,580 P.M | 2024 Mercedes-Benz V220d 4MATIC | Under Mercedes Warranty | GCC |","AED 3,580 P.M | 2024 Mercedes-Benz V220d 4MATIC | Under Mercedes Warranty | GCC | 249,000 AED
✅ GCC Specs
✅ One Year Third Party Warranty
✅ Engine Specs: 2.0L 4-Cyl Diesel — 163 HP
AED 3,580 Monthly (20% Down Payment) Over 5 Years.
Flexible Down Payment Option.
—————————
VEHICLE SPECS:
Last Service: 17,611 Km (Jun-2025)
Next Service: 32,611 Km (Jun-2026)
GCC Specs
5 Doors / 7 Seats
4 Cylinders / Diesel
17,623 Km
163 HP
All Wheel Drive (4MATIC)
—————————
OPTIONS & FEATURES:
360° Camera
3D View
Leather Seats
4MATIC
Burmester Sound System
Lane Assist
Park Assist
—————————
CONTACT:
Anna (English & Russian)
William (Arabic & English)
Majid (Arabic & English)
—————————
FINANCING (Required):
1- Emirates ID
2- Emirates Driving License (full cover insurance for loan applicable only)
3- Passport/Visa
4- Salary Certificate
5- Bank statement (3 months)
—————————
At IQ Auto Dubai, we specialize in buying and selling prestige luxury and premium sports cars of GCC specification.
id: (A+)R4348456",https://dbz-images.dubizzle.com/images/2026/02/17/cb9e2333d232486fab6a8c169404bf88-.png?impolicy=dpv,249000.0,17623.0,van,,,diesel,used,1.0,GCC
15,bestune,t99,flago,2021,AED 713/month | 2021 Bestune T99 Flago | GCC Specs | Ref#387247,"Starting from 713 per month
Payable in 60 months
20% down payment
**Bank terms & conditions may apply
2021
Bestune T99
2000 - 2499 cc 4 cylinders
200 - 299 HP
--------------------------------------------
GCC Specs
29520 kms
1. White with Leather Interior
2. Front and Rear Parking Sensors
3. Bluetooth System
4. Keyless Entry and Start
5. Cooled and Heated Seats
6. Power Seats
7. 360 Degree Camera
8. Blind Spot Indicator
9. Adaptive Cruise Control
10. Lane Change Assist
11. Park Assist
12. Panoramic Sunroof
13. Dual Exhaust
14. Front Wheel Drive
--------------------------------------------
AED 46900
--------------------------------------------
Buy this car with confidence from dubizzle cars!
What is dubizzle cars?
We believe the process of buying and selling a car in the UAE should be easy, transparent, and hassle-free. We help sellers find the right buyers for their cars, and buyers find the right cars for their needs.
What to expect from dubizzle cars?
✅ No guesswork
Know what you're buying with our standard condition report. All cars undergo a thorough bumper-to-bumper inspection at the time of listing and a 120-point report is available for serious buyers, which checks for engine leaks, electrical components, exterior paint condition and accident history, interior condition, and tire condition.
✅ No stress
Relax as the experts at dubizzle cars do all the work for you. We manage the interaction between the buyer and seller, from beginning to end. Your funds are fully protected at the transaction stage since we manage the ownership title transfer at RTA/Muroor.
Best part?
Need a more comprehensive",https://dbz-images.dubizzle.com/images/2025/11/03/95fc6e69-2bc1-4276-874b-62d1a89741de/ffa29d9f7836488dbc6f9f626ef0e0d0-.jpg?impolicy=dpc,46900.0,29520.0,suv,White,,petrol,used,,GCC
16,nissan,sunny,s,2023,NO CONVENIENCE FEES | UNDER WARRANTY | CERTIFIED PRE-OWNED | 0% DOWN PAYMENT,"🚘 Nissan Sunny 2023 – Drive Now from Just AED 430/Month
Reliable, fuel-efficient, and perfect for daily use. The Nissan Sunny offers comfort, practicality, and low maintenance costs. Comes with 6-month warranty (extendable) and service packages for peace of mind.
⭐ Key Features
Performance
• 1.5L Fuel Efficient Engine
• Automatic Transmission
• Smooth & Comfortable Drive
Technology
• Bluetooth Connectivity
• Keyless Entry
Safety
• Dual Airbags
• ABS with EBD
• Rear Parking Sensors
Comfort & Styling
• Spacious Interior & Legroom
• Fabric Seats
• Air Conditioning
• Practical Sedan Design
📍 Location
🌐 Website
🏢 About Us – Belhasa Used Cars Trading LLC
Belhasa Used Cars Trading LLC, part of Saif Belhasa Holding, is a trusted UAE automotive company known for quality and reliability.
We offer a smooth and hassle-free car buying experience for individuals, businesses, and export clients. All vehicles are thoroughly inspected and quality-checked by Wasel Auto Repairing to ensure safety and performance.
With a focus on transparency, fair pricing, and customer satisfaction, we make every purchase simple and stress-free.",https://dbz-images.dubizzle.com/images/2026/04/16/57f357517df14f88a0bc8db46e529bf3-.jpeg?impolicy=dpv,,,sedan,,automatic,,used,0.5,
17,mercedes-benz,e-class,e 350,2021,"E350 AMG VERY LOW MILEAGE 17,000KM ONLY PERFECT CONDITION","‏MERCEDES E350 AMG TOP OPTION SUPER CLEAN -EXCELLENT CONDITION
‎‏* CAR IN VERY GOOD CONDITION, BUY AND DRIVE !
‎‏* 2021 MODEL
‏* 17,000 KM
‏* Engine Type V4 turbo :
‎‏PRICE IS NEGOTIABLE
-------------------------
‎‏COME VISIT US!
‎‏- Timing 09:00AM TO 9:00PM
‎‏- Saturday to Friday
‎‏- Location :
Dubai
-------------------------
‎‏For more details and Price about our cars please
‎* السيارة مرسيدس E350
‎* في حالة ممتازة خالية من العيوب والخدوش الداخلية والخارجية
‎* لا تشكوا من اي اعطال ميكانيكية
‎* مع امكانيه تمويل عن طريق جميع بنوك الدوله
‎*عليها ضمان وعقد صيانة
‎السعر قابل للتفاوض
‎قمة ف النظافة خالية من الخدوش الداخلية والخارجية
‎فل كامل فتحه اللوان داخلية دبة كهرباء تسخين وتبريد مقاعد عليها تخشيبه الصاج بصمه دخول بدون مفتاح نقط عمياء رادار اوتو بارك سياقه ذاتيه خمس كمرات سيراميك بروتكشن
‎ضمان وعقد صيانة
‎ملاحظه:- يوجد لدينا تسهيلات تسجيل. و. تصدير. و. تحويل
‎الى جميع انحاء العالم
‎ملاحظه:- يوجد لدينا تسهيلات اقساط شهريا وبدون دفعه اولى جميع البنوك والمصارف
‎ملاحظه :- يوجد لدينا خدمه
‎شراء و استبدال و بيع
‎جميع انواع السيارت
‎ساعات العمل :
‎السبت - الجمعة
‎ الساعه 9 صباحا - 9 مساء",https://dbz-images.dubizzle.com/images/2026/02/02/05b53eeefad04168ba09588d1353059d-.jpeg?impolicy=dpv,,17000.0,sedan,,,petrol,used,,
18,nissan,altima,sv,2023,"Nissan Altima SV – 2023 – American Specs
Model: 2023
Mileage: 83,212 KMS
Spec: American
Very wel","Nissan Altima SV – 2023 – American Specs
Model: 2023
Mileage: 83,212 KMS
Spec: American
Very well-maintained car in excellent condition.
Smooth engine and automatic transmission with comfortable driving experience.
Spacious interior, fuel-efficient, and perfect for family use.
Clean inside and outside. Ready to drive.
Serious buyers only.",https://dbz-images.dubizzle.com/images/2026/02/12/d28a0bbf03ec4622a736a0946958c1f4-.jpeg?impolicy=dpv,,83212.0,sedan,,automatic,,used,,US
19,rolls-royce,cullinan,series ii,2026,2026 ROLLS ROYCE CULLINAN BLACK BADGE WITH WARRANTY AND SERVICE CONTRACT,"2026 ROLLS ROYCE CULLINAN BLACK BADGE WITH WARRANTY AND SERVICE CONTRACT | 235131
Make : Rolls-Royce
Model : Cullinan Black Badge
Year : 2026
Regional Specs: GCC
Horsepower : 600 HP
Engine: 6.75L V12 Twin-Turbocharged
Displacement: 6750 CC
Top Speed : 250 KPH
0-100 in: 4.9 s
The Cullinan Black Badge features an all-aluminum spaceframe chassis engineered for a signature magic carpet ride. Its twin-turbocharged V12 engine delivers increased power and torque compared to the standard model. The exterior is defined by high-gloss black chrome accents and 23-inch forged alloy wheels. Inside, technical carbon fiber veneers and a starlight headliner create a bespoke environment. Advanced all-wheel drive and four-wheel steering ensure stability and precision on any terrain.",https://dbz-images.dubizzle.com/images/2026/03/03/e8cfa5ee5b454dc8be704ef8ae5ed228-.webp?impolicy=dpv,,,,,,,,,GCC
20,dodge,challenger,r/t scat pack,2021,[DODGE CHALLENGER SCATPACK 6.4L V8],"Car O’ Clock is pleased to offer the following
2021 DODGE CHALLENGER SCATPACK 6.4L V8
With Car O’ Clock you are in safe hands. Our goal is to give you a genuine, hassle-free car buying experience.
_________________________________________________________________________________
What we offer:
Warranty package that covers engine & gear (*T&C Applicable)
Free oil & filter service
Free interior detailing
Free RTA passing
Free transfer of ownership
Zero down payment finance options
Required documents:
- Salary certificate
- Last three months bank statement
- Passport copy/ Visa/ Emirates ID/ Driving license Copy
_________________________________________________________________________________
To book a viewing please call or WhatsApp us on:
Buy this car today with confidence from a team driven to keep you happy.
Please book an appointment and visit us at our showroom:
Find us on Google maps “Car O’ Clock FZC”
_________________________________________________________________________________
Additional Expenses:
Bank evaluation certificate
RTA Registration of Vehicle
Car Insurance - third party or full comprehensive
_________________________________________________________________________________
Find us on:
TikTok: caroclock.ae",https://dbz-images.dubizzle.com/images/2026/03/13/d8398d656fba4a40aba1e50d7294a610-.jpeg?impolicy=dpv,,,,,,,,,
21,hyundai,accent,other,2023,"ZERO DOWN PAYEMENT= 760, HYUNDAI ACCENT, GCC SPECS, EXCELLENT CONDITION","ZERO DOWN PAYEMENT= 760, HYUNDAI ACCENT, GCC SPECS, EXCELLENT CONDITION
Model Year: 2023
Color: White
Mileage: 45,000 KM
Specs: GCC Specifications
Ownership: First Owner (Single User)
Condition: Excellent, well-maintained, and accident-free.
Key Features:
Automatic Transmission
Keyless Entry & Power Windows
Bluetooth / USB / Steering Controls
Rear Parking Sensors
Screen Mirroring
Multiple Airbags & ABS for Safety
SUMMER PROMO will be provided.
NOTE: That EMI will be Calculated Excluding the Expenses of Registration, Insurance, Passing, Evaluation. IF client want so we will include them in the TOTLA VALUE as well.
Documents Required:
SALARY CERTIFICATE
VISA COPY
PASSPORT COPY
EMIRATES ID
LAST 3MONTHS BANK STATEMENT
For More Details:
ZEESHAN: 0581675435",https://dbz-images.dubizzle.com/images/2026/03/31/5880f7f69cee440299e31e149ea43c3a-.jpeg?impolicy=dpv,,45000.0,sedan,White,automatic,,used,,GCC
22,bmw,m4,competition xdrive,2022,"2022 BMW M4 Competition, BMW Warranty+Service Contract+Full Service History, Full PPF, GCC","2022 BMW M4 Competition M xdrive Convertible• 3.0L Twin-Turbo Inline-6 • 503 HP / 650 Nm • 8-Speed Automatic • AWD
Price: 329,000 AED or 4,567 AED / Month with a 20% Down payment for 5 Years
-------------------------------------
- Mileage: 37,062 km
- Warranty: BMW Warranty valid till 2027
- Service Contract: BMW Service Contract valid till 2027
- Service History: Full BMW Service History
- Spec: GCC
- Condition: Excellent
- Keys: 2
- Full PPF
-------------------------------------
Full Options List Includes:
- 0-100 km/h ~3.8 sec
- Top Speed 250 km/h
- Remote Start
- Adaptive M Suspension
- M Sport Differential
- M Drive Modes (Comfort / Sport / Sport+)
- M Sport Exhaust System
- Fully Automatic Soft-Top Convertible Roof
- LED Headlights with DRL
- High Beam Assist
- Shadowline Exterior Trim
- Power Folding Side Mirrors
- M Sport Alloy Wheels (19""/20"" staggered)
- Full Body PPF Protection
- Full Merino Leather Interior
- Heated M Sport Seats with Memory
- Dual-Zone Climate Control
- Ambient Lighting
- Wind Deflector
- Interior Trim Finish (Aluminum / Carbon Fiber)
- Auto Dimming Mirrors
- BMW Live Cockpit Professional
- Digital Instrument Cluster
- Large Touchscreen Infotainment
- Navigation System
- Apple CarPlay & Android Auto
- Harman Kardon Sound System
- Wireless Charging
- Keyless Entry & Push Button Start
- Parking Sensors Front & Rear
- 360° Camera View
- Blind Spot Monitoring
- Lane Departure Warning
- Collision Warning with Brake Assist
- Adaptive Cruise Control
Lim ,VIN -CL00647
-----------------------
Zack:(English , Arabic) 0585121860
Basit:(English,Urdu) 0509760183
Ali:(English) 0502393318
---
GTA Cars 3, 4B Street, Al Qouz Ind 1, Dubai, UAE
⏰ Opening Hours: Every Day, 10:00AM - 8:00PM
----------------------------------------------------",https://dbz-images.dubizzle.com/images/2026/04/10/b5126d308a974fb49f8d6144bee07800-.jpeg?impolicy=dpv,329000.0,37062.0,convertible,,automatic,,used,5.0,GCC
23,audi,rs7,4.0 tfsi performance,2021,Audi RS7 Performance,"Audi RS7 Performance
pristine condition
Full PFF
FULLY serviced with new tires
Fully loaded
hp:591
Took really good care of the car my price is negotiable for serious buyers!
Options:
- Head Up Display
- Apple Carplay/Android Auto
- Active Sports Exhaust
- 360 Degree View Camera System
- Bang & Olufsen Premium Sound Systen",https://dbz-images.dubizzle.com/images/2026/04/15/437089cad6d1473f8249dec747f375a9-.jpeg?impolicy=dpv,,,,,,,,,
24,nissan,patrol safari,super safari,2019,Nissan Patrol Safari Super Safari 2019 - GCC Specs - Excellent Condition,"NISSAN VTC SAFARI 2019 GCC FULL options AUTOMATIC
‎نيسان فتك سفاري 2019 خليجية صبغ وكالة ، بحالة الوكالة ، كاملة المواصفات رقم 1 ، أبيض من داخل رمادي ، فتحة ، دفلوك ، ثلاجة ، أعلى المواصفات .
‎عداد المسافات : 150000 كم فقط
‎السعر : 105000 درهم
‎- مع إمكانية التمويل عن طريق البنك لمدة خمس سنوات بحيث يكون :
‎- القسط الشهري : 1800 درهم شهريا""
‎- القسط الشهري : 2000 درهم (بدون دفعه أولى) .
‎- وذلك شامل التسجيل والتأمين الشامل والضريبة ،
‎- مع إمكانية تأجيل القسط الأول لمدة ثلاثة أشهر من تاريخ التسجيل .
‎- لدينا إمكانية التمويل في جميع المصارف والبنوك .
‎- الأوراق المطلوبه :
‎- شهادة راتب
‎- صوره الجواز والإقامة والهويه .
‎- أرسل الأوراق على الواتس أب ، وفي خلال يومين من تسليم الأوراق . بتكون السياره مسجلة بإسمك ، بدون ما تدفع ولا درهم ،
🇦🇪 تفضلوا بزيارتنا 🇦🇪",https://dbz-images.dubizzle.com/images/2026/04/22/700857e90b1a470f8dd7f8d865f25963-.jpeg?impolicy=dpv,,,,,,,,,
25,bmw,m4,competition,2022,BMW M4 Competition X-Drive Convertible-Special Color-Shadow Line Exterior Look,"234,999 AED or 3,834 AED / Month with 20% Down Payment over 5 Years. 0% Down Payment option also available (subject to lender terms & conditions).
__________________________________________
BMW
️MODEL : M4 Competition X-Drive Convertible
️M/Y : 2022
️MILEAGE : 48,377 KM
️EXTERIOR COLOR : Metallic Blue
️INTERIOR COLOR : Blue /Black
️SPECS : Other
-Warranty And Service Contract Available
️OPTIONS :
M4 Competition X Drive
Blue Brake Calipers
19/20 Inch M Competition Rims
Premium Metallic Paint
BMW Lazer Lights
Shadow Line Exterior Pack
BMW Individual Blue Leather Interior
Seat Ventilation Heated/Cooled
Carbon Fiber Interior Trim
Carbon Fiber Steering Wheel
Adaptive Cruise Control
Head Up Display
Harman Kardon Premium Surround Sound System
Wireless Charging Pad
Rear View Camera
Apple Carplay/Android Auto
Ambient Lighting System
Blind Spot Monitoring System
Forward Collision Warning
️ENGINE : 3.0L Twin Power Turbo Inline
️CYLINDERS : 6 Cylinders
️HP : 503
️0-100 km/h : 3.7 sec.
______________
______________
Storage Address:
1 4th St – Al Quoz – Al Quoz Industrial Area 3 – Dubai, United Arab Emirates.
______________
Opening Hours:
Monday-Friday: 9 am - 9pm
Saturday: 9am – 8PM
Sunday: 12pm – 8pm
______________
Welcome to The Car Superstore, the ultimate destination for luxury vehicles in the UAE. Owned by a British expat with over 14 years of automotive experience in the UAE and over 30 years of international expertise, we bring unparalleled knowledge and expertise in motor industry.
As the largest indoor luxury vehicle storage facility in Dubai, we provide a secure and pristine environment to store your valuable cars. O",https://dbz-images.dubizzle.com/images/2026/03/21/e237ac82a3a74e0cb9be7fa24eb140f5-.jpeg?impolicy=dpv,234999.0,48377.0,convertible,Metallic Blue,,petrol,used,,
26,gwm,wingle 5,other,2026,GWM WINGLE5 4X4 DC 2.4L 2026 PETROL (EXPORT ONLY),GWM WINGLE5 4X4 DC 2.4L 2026 PETROL (EXPORT ONLY),https://dbz-images.dubizzle.com/images/2026/02/27/4f621c777563465e8f5c86708d0c4e18-.jpeg?impolicy=dpv,,,pickup,,,petrol,new,,
27,ford,mustang,ecoboost premium,2021,Ford Mustang Convertable 2021 0% Downpayment EMI 1375 Free Insurance Free Registration,"Ford Mustang EcoBoast Premium Sound System 2021 Model Convertable available with 0% Downpayment Including Insurance Registration RTA fees and all other buying expenses Documents Required Visa Copy ID Copy Passport Copy Salary certificate Bank statement 3 months
Free Insurance
Free Registration
Warranty / Service Contract 2 year
Ceramic Coating/ Tinting",https://dbz-images.dubizzle.com/images/2026/05/17/30ec8f55ad1a43a1a9d916a474182e94-.jpeg?impolicy=dpv,,,convertible,,,,,2.0,
28,toyota,hilux,adventure,2022,Toyota Hilux Adventure 2022 Facelifted 2026 - GCC Specs - Excellent Condition,"2022 Toyota Hilux Adventure – 2.7L V4 Petrol | Automatic
100- 199 HP
--------------------------------------------
GCC Specs
24280 kms
1. Black with leather Interior
2. Front and Rear Parking Sensors
3. Climate Control
4. Keyless Entry and Start
5. Park Assist
6. Bluetooth System
7. Cruise Control
8. Tiptronic Gears
9. 360 Degree Camera
10. Side Steps
11. Fog Lights
12. 4 Wheel Drive
13. Dual-Zone Auto Climate Control
Experience unmatched durability and performance with the 2022 Toyota Hilux Adventure, designed for both off-road capability and everyday driving comfort. This premium full-option model is equipped with top-tier features",https://dbz-images.dubizzle.com/images/2026/04/07/e24d6a22cc2d4c69abecaa790ba0cae9-.jpeg?impolicy=dpv,,24280.0,,Black,automatic,petrol,used,,GCC
29,rolls-royce,ghost,standard,2021,Fully loaded original paint no accident completely service under warranty and service contract,"For sale: A stunning 2021 Rolls-Royce Ghost Standard, GCC specifications. This luxurious vehicle is in pristine condition and offers an unparalleled driving experience. A perfect blend of elegance, power, and cutting-edge technology. Contact now for more details.
The car is available for viewing in Dubai. For more information, visit our Instagram page. Find your dream car at ADM_vision.ae.
We speak Russian, Arabic, and English.
For Urdu, Hindi, and English.
We can provide a warranty and service contract.
Payment options: Cash, USDT, bank loan.
We can Buy back Cars From you",https://dbz-images.dubizzle.com/images/2026/04/08/26bc28ea4d914d8f81dfd59e3444b47a-.jpeg?impolicy=dpv,,,sedan,,,,used,,GCC
30,toyota,bz4x,other,2025,2025 Toyota BZ4X - GCC Specs - Brand New,"Brand new 2025 Toyota BZ4X with GCC specifications. Experience the future of driving with this all-electric SUV. Features include a spacious interior, advanced safety features, and a long driving range. Perfect for navigating the UAE roads with zero emissions. Contact us today for a test drive!",https://dbz-images.dubizzle.com/images/2026/04/30/c66cf78520bd4229bdf87cc797e5e8a2-.jpeg?impolicy=dpv,,,suv,,,electric,new,,GCC
31,rolls-royce,wraith,other,2015,ROLLS ROYCE WRAITH 2015 GCC,"رولز رويس ريث 2015 اللون الاساسي عنابي الاحمر من الداخل بيج عليه جلاد Nardo Grey مشغول عند كار دب فل 4 فصوص سقف نجوم بدون صيغ
ROLLS ROYCE WRAITH 2015 GCC
113000km
Financing is available
Abu Dhabi - AL shamkhah",https://dbz-images.dubizzle.com/images/2025/02/15/5c013904bae6416cb0646e305d420b62-.jpeg?impolicy=dpv,,113000.0,coupe,Grey,,,used,,GCC
32,mercedes-benz,c-class,c200,2019,LOVELY MERCEDES C200 COUPE || FULL OPTION || GCC || RED INTERIOR || PANORAMIC,"ALHOOT MOTORS DEALS WITH GCC CARS ONLY!
Trusted CARS dealership in the UAE.
""Customer first"" approach before, during and after sale
Inclusive
• 1 Free Service
• 1 Detailing & Car Care
• 1 Year Free Insurance
(FOR CASH DEALS ONLY)
Best MERCEDES C200 COUPE in UAE
- Highest Category
- Recently Serviced
- Mechanical Issue Free
- 4 New Condition Tires
- Original Keys
- GCC
- Full Service
- Guaranteed Chassis Accident Free
- Clean & Neat Inside/Outside
- Single Owner
- Major Service Done
-----------------------------------------------
We are Open Saturday to Thursday from 9:00am to 10pm | Friday from 4:00pm to 10pm
-----------------------------------------------
-----------------------------------------------
Address: Souq Al Haraj, Showroom 58, Along Mohammad Bin Zayed Road, Sharjah, United Arab Emirates
Find us on Google Maps ""ALHOOT MOTORS""
-----------------------------------------------
Selling Your Car to Us:
We accept GCC cars for trade in, our team will be more than happy to help.
-----------------------------------------------
Follow us on our Social Media Pages
‎الحوت موتورز - ALHoot Motors
Tiktok: @alhoot.motors
-----------------------------------------------
We do Bank Finance also
- Employed
- Self-Employed
- Company
-----------------------------------------------
""DON'T DREAM IT, DRIVE IT with ALHOOT MOTORS""",https://dbz-images.dubizzle.com/images/2025/04/30/58925a23fd9f4b3cb4b180e9370a9b79-.jpeg?impolicy=dpv,,,coupe,,,,used,,GCC
33,dodge,charger,r/t scat pack,2023,Dodge Charger R/T Scat Pack Swinger Wide Body 1 Of 1000 Full Service History GCC 2023 6.4L V8,"- Dodge Charger RT Scat Pack Swinger Wide Body
- 1 of 1000
- Year: 2023
- GCC Specifications
- Mileage: 6000 km
- Engine: 6.4L V8 ( 485HP )
- Colour: Green exterior with Black leather interior
Do not hesitate to call us for any info!
Our services also include:
- Car financing, purchasing, and trading.
- Vehicle insurance.
- Global export services.
- Window tinting.
- Ceramic coating and detailing.
Our showroom is open all week long from 9.00am to 8.00pm
Oasis Cars, Showroom 244, Dubai Auto Zone, DUCAMZ - Ras Al Khor - Dubai",https://dbz-images.dubizzle.com/images/2025/02/21/df77eaf3b84c4826ab98720efad3bb95-.jpeg?impolicy=dpv,,6000.0,sedan,Green,,petrol,used,,GCC
34,land rover,range rover,vogue,2021,2021 - RANGE ROVER VOGUE P525 AUTOBIOGRAPHY - IMMACULATE CAR,"224,999 AED or 4,446 AED / Month with 20% Down Payment over 5 Years. 0% Down Payment option also available (subject to lender terms & conditions).
__________________________________________
️RANGE ROVER
️MODEL : VOGUE P525 AUTOBIOGRAPHY
️M/Y : 2021
️MILEAGE : 73,756 KM
️EXTERIOR COLOR : Fuji white
️INTERIOR COLOR : Red
️SPECS : European
️OPTIONS :
️22 Inch Multi spoke design rims 2 tone Silver/Grey Black pack
️Meridian premium surround sound system
️Seat ventilation heated/cooled with massage function
️Panoramic roof
️Apple carplay/Android auto
️360 degree view cameras
️Alcantara headliner
️Rear seat entertainment
️Leather/wood steering wheel
️Cooler box
️Blind spot monitoring system
️Adaptive cruise control
️ENGINE : 5.0L Supercharged
️CYLINDERS : V8
️HP : 518 hp
️0-100 km/h : 5.4 sec.
______________
______________
Storage Address:
1 4th St – Al Quoz – Al Quoz Industrial Area 3 – Dubai, United Arab Emirates.
______________
Opening Hours:
Monday-Friday: 9 am - 9pm
Saturday: 9am – 8PM
Sunday: 12pm – 8pm
______________
Welcome to The Car Superstore, the ultimate destination for luxury vehicles in the UAE. Owned by a British expat with over 14 years of automotive experience in the UAE and over 30 years of international expertise, we bring unparalleled knowledge and expertise in motor industry.
As the largest indoor luxury vehicle storage facility in Dubai, we provide a secure and pristine environment to store your valuable cars. Our state-of-the-art facility ensures that your vehicles are protected from the elements and maintained in optimal condition.
At The Car Superstore, we also specialize in online vehicle sales, making it convenient for you to explore",https://dbz-images.dubizzle.com/images/2025/06/03/4f66086626b84ba4a3116750f3878f75-.jpeg?impolicy=dpv,224999.0,73756.0,,Fuji white,,,,,European
35,chevrolet,tahoe,rst,2023,AED 3737/month | 2023 Chevrolet Tahoe RST | GCC Specs | Ref#393508,"Starting from 3737 per month
Payable in 60 months
20% down payment
**Bank terms & conditions may apply
2023
Chevrolet Tahoe
4000+ cc 8 cylinders
400 - 499 HP
--------------------------------------------
GCC Specs
48203 kms
1. White with Leather Interior
2. Bluetooth System
3. Premium Sound System
4. Adaptive Cruise Control
5. Tiptronic Gears
6. Park Assist
7. Lane Change Assist
8. Blind Spot Indicator
9. Adaptive Suspension
10. Power Seats
11. Heated and Cooled Seats
12. Height Control
13. Panoramic Sunroof
14. Keyless Entry and Start
15. 360 Degree Camera
16. Front and Rear Parking Sensors
17. 4 Wheel Drive
18. Side Steps
--------------------------------------------
AED 245900
--------------------------------------------
Buy this car with confidence from dubizzle cars!
What is dubizzle cars?
We believe the process of buying and selling a car in the UAE should be easy, transparent, and hassle-free. We help sellers find the right buyers for their cars, and buyers find the right cars for their needs.
What to expect from dubizzle cars?
✅ No guesswork
Know what you're buying with our standard condition report. All cars undergo a thorough bumper-to-bumper inspection at the time of listing and a 120-point report is available for serious buyers, which checks for engine leaks, electrical components, exterior paint condition and accident history, interior condition, and tire condition.
✅ No stress
Relax as the experts at dubizzle cars do all the work for you. We manage the interaction between the buyer and seller, from beginning to end. Your funds are fully protected at the transaction stage since we manage the ownership title transfer at RTA/Muroor.
Best part?
This service is provided to you by a team of professionals who ar",https://dbz-images.dubizzle.com/images/2025/11/12/cfbbaa31-fd7b-4c1e-9500-bbebf18f3205/7479b569b18441c0be12afd7cb1bd367-.jpg?impolicy=dpc,245900.0,48203.0,suv,White,automatic,petrol,used,,GCC
36,bmw,3-series,330i,2025,BMW 330i M Sport - 5 Years Warranty / 5 Years Free Service. Free Insurance - Window tint,"Vehicle type: BMW 330i Luxury M Sport Package.
Certified pre-owned
Year: 2025
Estimated Mileage: 500 km
Summer Offer: AED 225,000/-
Price includes the following:
* Bal: 5 Years or 200,000 km BMW Warranty.
* Bal: 5 Years or 100,000 km BMW Service Package.
* Free 1st Year Comprehensive Insurance with Agency Repair.
* Free 3M Window Tint Silver Package.
* Complimentary first year registration & number plates.
* BMW Connected Drive Package.
* Complimentary Home Delivery.
* Price includes 5% VAT.
For more information please call me.",https://dbz-images.dubizzle.com/images/2025/12/10/b6873ad6315649bdb1a4ee30bb7bf0d2-.jpeg?impolicy=dpv,225000.0,500.0,sedan,,,,used,5.0,
37,bugatti,chiron,standard,2017,2017 Bugatti Chiron,"Bugatti represents the pinnacle of modern hypercar engineering, and the Chiron is no exception. An extraordinary fusion of power, craftsmanship, and presence. Beautifully finished here in Bugatti Light Blue & Nocturne, a striking two-tone specification that emphasises the car’s sculpted lines and unmistakable identity. The contrast between the vibrant Light Blue and the deep, elegant Nocturne creates a visual character that is both dynamic and timeless, showcasing the Chiron’s design with exceptional clarity.
Underneath its captivating exterior lies Bugatti’s 8.0-litre quad-turbocharged W16 engine, delivering 1,479 horsepower through its four wheel drive system. The Chiron’s meticulous engineering provide effortless acceleration acheiving a 0-186mph time of just 13.6 seconds. Whether cruising comfortably or demonstrating its immense performance capability, the Chiron offers a driving experience unlike others.
This particular Chiron is accompanied by a collection of highly desirable factory items that further elevate the provenance of this iconic car. Included with the sale is the metal presentation case containing the coveted Speed Key, the USB drive with official factory build photos, and the original Bugatti car cover—all hallmark accessories for collectors seeking a complete and meticulously preserved example.
Optional Extras:
20""/21"" Classique Wheels
Wheels in Gloss Black
Bugatti Light Blue Sport Brake Calipers
Bugatti Light Blue & Nocturne Exterior Paint
Nocturne Horse Shoe Grill Surround
Nocturne Wing Mirrors
Bugatti Light Blue & Beluga Black Leather Interior
Quilted Comfort Seats with Carbon Fibre Backs
Beluga Black Seat Belts
Carbon Package Steering Wheel with Black Alcantara Grips
Chiron Metal Presentation Box Including: Speed Key, USB Stick with Build Photos & Car Cover",https://dbz-images.dubizzle.com/images/2026/01/16/9bb62ffea52b46fd8e6939e277c98599-.jpeg?impolicy=dpv,,,,,,,,,
38,audi,q8,55 tfsi quattro s line,2023,"4,000 P.M | 0% DownPayment | Under Warranty | SummerOffer ABT BodyKit","SUMMER OFFER ☀️⏳
✅ FREE REGISTRATION 📝
✅ FREE WINDOW TINTING 🪟✨
✅ FREE 1 YEAR PREMIUM WARRANTY 🛡️📅
✅ FREE SALIK TAG 🚗🔖
T&Cs apply.
Under Premium Warranty
⸻
Why This Audi Q8 55 TFSI Quattro S Line?
Luxury sport SUV combining sophisticated design, advanced technology, and powerful V6 performance with quattro all-wheel drive capability. This 2023 model is a pristine, accident-free GCC example with full service history and excellent condition. It comes with comprehensive warranty and service package for complete peace of mind. We offer this exceptional luxury SUV at the most competitive price in the market.
⸻
Flexible Bank Financing Options:
• Option 1: AED 4,000/month for 5 years – 0% Down Payment
• Option 2: AED 2,700/month for 5 years – 20% Down Payment
Selling Price: AED 204,999
(Plus applicable government taxes)
⸻
Audi Q8 55 TFSI Quattro S Line Highlights:
• 3.0L V6 TFSI Engine
• quattro All-Wheel Drive System
• 8-Speed Tiptronic Automatic Transmission
• S Line Exterior & Interior Package
• Audi Virtual Cockpit Plus
• MMI Navigation Plus with Touchscreen
• Apple CarPlay & Android Auto
• Bang & Olufsen Premium Sound System
• Panoramic Glass Sunroof
• 360° Camera & Parking Sensors
• Keyless Entry & Push Start
• Leather Sports Seats with Power Adjustment
• 21"" Audi Sport Alloy Wheels
• Multiple Drive Modes
• Advanced Safety Features
• Heating & Cooling Seats
• Head-Up Display
• ABT Sport Body Kit
⸻
Details:
• Mileage: 89,000 KM
• Warranty: 1 Year Premium Warranty
• Service: Can Be Added
• Ownership: GCC Spec | S Line Package | Accident-Free | Original Paint | Full Service History
⸻
Call/WhatsApp:
Website:
V",https://dbz-images.dubizzle.com/images/2026/02/19/6233d97dbc994b3da98981afc9609262-.jpeg?impolicy=dpv,204999.0,89000.0,suv,,automatic,petrol,used,1.0,GCC
39,audi,q8,55 tfsi quattro s line,2023,"4,000 P.M | 0% DownPayment | Under Warranty | SummerOffer ABT BodyKit","SUMMER OFFER ☀️⏳
✅ FREE REGISTRATION 📝
✅ FREE WINDOW TINTING 🪟✨
✅ FREE 1 YEAR PREMIUM WARRANTY 🛡️📅
✅ FREE SALIK TAG 🚗🔖
T&Cs apply.
Under Premium Warranty
⸻
Why This Audi Q8 55 TFSI Quattro S Line?
Luxury sport SUV combining sophisticated design, advanced technology, and powerful V6 performance with quattro all-wheel drive capability. This 2023 model is a pristine, accident-free GCC example with full service history and excellent condition. It comes with comprehensive warranty and service package for complete peace of mind. We offer this exceptional luxury SUV at the most competitive price in the market.
⸻
Flexible Bank Financing Options:
• Option 1: AED 4,000/month for 5 years – 0% Down Payment
• Option 2: AED 2,700/month for 5 years – 20% Down Payment
Selling Price: AED 204,999
(Plus applicable government taxes)
⸻
Audi Q8 55 TFSI Quattro S Line Highlights:
• 3.0L V6 TFSI Engine
• quattro All-Wheel Drive System
• 8-Speed Tiptronic Automatic Transmission
• S Line Exterior & Interior Package
• Audi Virtual Cockpit Plus
• MMI Navigation Plus with Touchscreen
• Apple CarPlay & Android Auto
• Bang & Olufsen Premium Sound System
• Panoramic Glass Sunroof
• 360° Camera & Parking Sensors
• Keyless Entry & Push Start
• Leather Sports Seats with Power Adjustment
• 21"" Audi Sport Alloy Wheels
• Multiple Drive Modes
• Advanced Safety Features
• Heating & Cooling Seats
• Head-Up Display
• ABT Sport Body Kit
⸻
Details:
• Mileage: 89,000 KM
• Warranty: 1 Year Premium Warranty
• Service: Can Be Added
• Ownership: GCC Spec | S Line Package | Accident-Free | Original Paint | Full Service History
⸻
Call/WhatsApp:
Website:
V",https://dbz-images.dubizzle.com/images/2026/02/21/4df27149f266403f9399913b2e5ef829-.jpeg?impolicy=dpv,204999.0,89000.0,suv,,automatic,,used,1.0,GCC
40,audi,q8,55 tfsi quattro s line,2023,"4,000 P.M | 0% DownPayment | Under Warranty | SummerOffer ABT BodyKit","SUMMER OFFER ☀️⏳
✅ FREE REGISTRATION 📝
✅ FREE WINDOW TINTING 🪟✨
✅ FREE 1 YEAR PREMIUM WARRANTY 🛡️📅
✅ FREE SALIK TAG 🚗🔖
T&Cs apply.
Under Premium Warranty
⸻
Why This Audi Q8 55 TFSI Quattro S Line?
Luxury sport SUV combining sophisticated design, advanced technology, and powerful V6 performance with quattro all-wheel drive capability. This 2023 model is a pristine, accident-free GCC example with full service history and excellent condition. It comes with comprehensive warranty and service package for complete peace of mind. We offer this exceptional luxury SUV at the most competitive price in the market.
⸻
Flexible Bank Financing Options:
• Option 1: AED 4,000/month for 5 years – 0% Down Payment
• Option 2: AED 2,700/month for 5 years – 20% Down Payment
Selling Price: AED 204,999
(Plus applicable government taxes)
⸻
Audi Q8 55 TFSI Quattro S Line Highlights:
• 3.0L V6 TFSI Engine
• quattro All-Wheel Drive System
• 8-Speed Tiptronic Automatic Transmission
• S Line Exterior & Interior Package
• Audi Virtual Cockpit Plus
• MMI Navigation Plus with Touchscreen
• Apple CarPlay & Android Auto
• Bang & Olufsen Premium Sound System
• Panoramic Glass Sunroof
• 360° Camera & Parking Sensors
• Keyless Entry & Push Start
• Leather Sports Seats with Power Adjustment
• 21"" Audi Sport Alloy Wheels
• Multiple Drive Modes
• Advanced Safety Features
• Heating & Cooling Seats
• Head-Up Display
• ABT Sport Body Kit
⸻
Details:
• Mileage: 89,000 KM
• Warranty: 1 Year Premium Warranty
• Service: Can Be Added
• Ownership: GCC Spec | S Line Package | Accident-Free | Original Paint | Full Service History
⸻
Call/WhatsApp:
Website:
V",https://dbz-images.dubizzle.com/images/2026/01/16/96ff2902f0874574aa24bd6b3c946b8d-.jpeg?impolicy=dpv,204999.0,89000.0,suv,,automatic,petrol,used,1.0,GCC
41,nissan,sunny,s,2023,Nissan Sunny 2023 S 1.5L_GCC Specs _Monthly Installment 550 aed,"Nissan Sunny 2023 S 1.5L
GCC Specs 1️⃣
Perfect Conditions2️⃣
83.000KM
25.000AED
Monthly Installment 550 aed
AVAILABLE AT AL RUKN ALSAUDI 259
For Bank Finance We have 3 Options
1- 20% Down Payment Excluding Buying Expenses
2- With Zero Down Payment Excluding Buying Expenses
3- With zero down Payment Including All Buying Expenses
Buying expenses are included
Fully Comprehensive Insurance
Car Registration",https://dbz-images.dubizzle.com/images/2026/01/20/6ab563222324477585e76393d5ad38bd-.jpeg?impolicy=dpv,25000.0,83000.0,,,,,,,GCC
42,nissan,patrol,le platinum,2024,‏ ‏معرض بن برغش للسيارات أبوظبي مدينة بني ياس,‏نيسان باترول بلاتينيوم موديل 2024 Zero متر ثمانية سلندر آخر إصدار جديد ضمان الوكيل المسعود رقم واحد فل ابيشن أعلى مواصفات الكمية محدودة جدا جاهزة للتسجيل المحلي,https://dbz-images.dubizzle.com/images/2026/01/22/02b1793623384c7e8ad5235f9e863b86-.jpeg?impolicy=dpv,,0.0,suv,,,,new,,
43,nissan,patrol,le t2,2023,AED 2842/month | 2023 Nissan Patrol LE T2 | GCC Specs | Ref#420706,"Starting from 2842 per month
Payable in 60 months
20% down payment
**Bank terms & conditions may apply
2023
Nissan Patrol
4000+ cc 8 cylinders
400 - 499 HP
--------------------------------------------
GCC Specs
79364 kms
1. Green with Leather Interior
2. Power Sunroof
3. Keyless Entry and Start
4. Power Seats
5. Rear View Camera
6. Bluetooth System
7. Blind Spot Indicator
8. Cruise Control
9. Tiptronic Gears
10. Park Assist
11. Front and Rear Parking Sensors
12. Side Steps
13. Fog Lights
14. 4 Wheel Drive
--------------------------------------------
AED 186999
--------------------------------------------
Buy this car with confidence from dubizzle cars!
What is dubizzle cars?
We believe the process of buying and selling a car in the UAE should be easy, transparent, and hassle-free. We help sellers find the right buyers for their cars, and buyers find the right cars for their needs.
What to expect from dubizzle cars?
✅ No guesswork
Know what you're buying with our standard condition report. All cars undergo a thorough bumper-to-bumper inspection at the time of listing and a 120-point report is available for serious buyers, which checks for engine leaks, electrical components, exterior paint condition and accident history, interior condition, and tire condition.
✅ No stress
Relax as the experts at dubizzle cars do all the work for you. We manage the interaction between the buyer and seller, from beginning to end. Your funds are fully protected at the transaction stage since we manage the ownership title transfer at RTA/Muroor.
Best part?
Need a more comprehensive inspection?
Upgrade to the advanced",https://dbz-images.dubizzle.com/images/2026/06/10/755708074f314d658b5889ee97990998-.jpeg?impolicy=dpc,186999.0,79364.0,suv,Green,automatic,petrol,used,,GCC
44,nissan,kicks,sv,2019,INSTALLMENT! GCC NISSAN KICKS 2019 MODEL AVAILABLE ON BANK FINANCE AND CASH,"GCC NISSAN KICKS SV 2019 MODEL
AVAILABLE ON BANK FINANCE AND CASH BOTH
- Get started today! First installment is after 2 to 3 months!
INCLUDES FREEBIES!
Free Change Oil
Free TINT
Free Warranty
OTHER:
• Single Owner
• GCC Specs
• Reverse camera
• 1.5 LITRE ENGINE
• 4CYLINDER
• 53,000KM ONLY!
* Required Documents:
• Visa
• Passport
• Emirates ID
• Driving License
• Salary Certificate
• 3 Months Bank Statement",https://dbz-images.dubizzle.com/images/2025/08/05/b4c28a0c7cc54432b3d07b92549ffe21-.jpeg?impolicy=dpv,,53000.0,suv,,automatic,petrol,used,,GCC
45,land rover,range rover,autobiography,2015,Range Rover Autobiography 2015 Gcc Specs V8 Supercharge,"Features & Luxury
“Autobiography” is a top-trim level with many luxury & tech touches. Some highlights:
• Very high-end interior: semi-aniline leather upholstery, extensive use of wood veneers, contrast stitching, metal finishes. ￼
• Adjustable, heated, vented, sometimes massaging seats (front & often rear depending on variant). ￼
• Four-zone climate control. ￼
• Panorama roof (sliding/tilt-and-slide), power blinds/shades. ￼
• Advanced driver aids: surround cameras, towing assist, blind-spot monitoring, reverse-traffic detection, etc. ￼
• Premium sound systems, lots of infotainment tech. Optional extras for even more luxury. ￼",https://dbz-images.dubizzle.com/images/2025/10/13/249c606a591547cab9b985df9029f6a6-.jpeg?impolicy=dpv,,,,,,,,,GCC
46,ford,territory,titanium,2024,"AED 1,600 P.M | 2024 Ford Territory Titanium | 5 Years Ford Warranty and Service Contract | GCC |","AED 1,600 P.M | 2024 Ford Territory Titanium EcoBoost | Under Ford Warranty | GCC | 93,000 AED
✅ GCC Specs
✅ Full Service History by Agency (Al Tayer Motors)
✅ Ford Warranty Till February 2029 or 100,000 km (Al Tayer Motors)
✅ Ford Service Contract Till February 2029 or 100,000 km (Al Tayer Motors)
✅ Engine Specs: 1.8L 4-Cyl Turbo — 190 HP
AED 1,600 Monthly (20% Down Payment) Over 5 Years.
Flexible Down Payment Option.
—————————
VEHICLE SPECS:
Last Service: 34,000 Km (05/02/2026)
Next Service: 43,000 Km (05/08/2026)
GCC Specs
5 Doors / 5 Seats
4 Cylinders / Gasoline
34,277 Km
190 HP
Front Wheel Drive
—————————
OPTIONS & FEATURES:
Radar
Rear Camera
Front and Rear Sensors
Power Tailgate
Power Seats
Leather Seats
Wireless Charger
Cruise Control
Lane Assist
Blind Spot Monitoring
Keyless Entry
Keyless Start
Panoramic Roof
—————————
CONTACT:
Anna (English & Russian)
William (Arabic & English)
Majid (Arabic & English)
—————————
FINANCING (Required):
1- Emirates ID
2- Emirates Driving License (full cover insurance for loan applicable only)
3- Passport/Visa
4- Salary Certificate
5- Bank Statement (3 months)
—————————
At IQ Auto Dubai, we specialize in buying and selling prestige luxury and premium sports cars of GCC specification.
id: (A+)RTF44559",https://dbz-images.dubizzle.com/images/2026/02/20/78f1cf0aa1414e5ea682f4eb35bacad9-.jpeg?impolicy=dpv,,,,,,,,,
47,mercedes-benz,gla-class,gla 200,2025,"0% Downpayment | Mercedes-Benz Warranty and Service Package | AED 3,413 P/M","Flexible Bank Finance Options Available:
Option 1 - AED 3,413 P/M for 5 years with 0% Downpayment
Option 2 - AED 2,731 P/M for 5 years with 20% Downpayment
-------------------------------------------------------------------
Exterior Colour:
POLAR WHITE FINISH
Interior Trim:
RED LEATHER
*GARGASH WARRANTY UNTIL 2029 / 105,000 KM*
*GARGASH SERVICE CONTRACT UNTIL 2029 / 105,000 KM*
Experience the epitome of luxury and performance with the 2025 GLA 200 in a striking Polar White Finish. This vehicle is the perfect blend of elegance and innovation, crafted to make every drive an extraordinary journey. The bold AMG Styling, including a front spoiler and side skirts, enhances its dynamic presence, while 20"" Alloy Wheels ensure you make a statement wherever you go.
Step inside to a world of sophistication with the plush Red Leather Interior, complemented by Ambient Lighting that sets the perfect mood. The Seat Comfort Package guarantees that every drive is a first-class experience, enhanced by the Automatic Climate Control for perfect temperature regulation in all conditions.
The GLA 200 GLA features cutting-edge technology such as the MBUX Navigation Premium and Front Visual Display (Head-Up Display), keeping you informed and entertained. Smartphone Integration through Apple CarPlay and Android Auto ensures seamless connectivity, while the Front Wireless Telephone Charging keeps your devices powered on the go.
Fully certified by the SilberArrows Used Vehicle Program.
-------------------------------------------------------------------
- 20"" ALLOY WHEELS
- 360° CAMERA
- 7-SPEED AUTOMATIC DUAL-CLUTCH TRANSMISSION
- ACTIVE PARKING ASSIST
- AMBIENT LIGHTING
- AMG EXCLUSIVE PACKAGE
- AMG STYLING - FRONT SPOILER/ SIDE SKIRTS
- ANDROID AUTO SMARTPHONE INTEGRATION
- APPLE CARPLAY SMARTPHONE INTEGRATION
- AUTOMATIC CLIMATE CONTROL
- AUTOMATIC PANORAMIC SLIDING SUNROOF
- AUTOMATIC TAILGATE
- BLIND SPOT MONITORING
- CR",https://dbz-images.dubizzle.com/images/2025/11/27/e1e65a14d8e44131b90e3dc02d1961ee-.jpeg?impolicy=dpv,,,suv,Polar White,,,used,,
48,mercedes-benz,e-class,e 240,2005,M BENZ E240 JAPAN IMPORTED 2005 SUNROOF PARKING CENSOR,"M BENZ E240
2005
JAPAN IMPORTED
WHITE
FEEL FREE FOR CALL OR WHATSAPP
HAROON SHARIF MOTORS
SHOWROOM NO 356",https://dbz-images.dubizzle.com/images/2025/11/27/6143e710576e41b1a2026a052b14bb55-.jpeg?impolicy=dpv,,,,WHITE,,,,,Japanese
49,toyota,land cruiser 70 series,lc 79 base,2025,TOYOTA LANDCRUISER 79 2.8L DIESEL 4WD DOUBLE CAB STD - MANUAL,EXPORT ONLY,https://dbz-images.dubizzle.com/images/2025/12/04/2ccc4cf744df4baabba6140d40045dd5-.jpeg?impolicy=dpv,,,pickup,,manual,diesel,new,,
50,tesla,model x,75d,2018,"Tesla Model X 2018 GCC specs for 85,000.00 AED","***Appointment Only***
- AED 1,488 / Month with a 20% Down Payment over 5 Years
- Full Service History
- 75 kWh AWD
- 333bhp, 1-Speed Direct Drive
- Mileage 60,123 Kms
- Excellent Condition
- GCC Specification
JA:F126812
---------------------------------------",https://dbz-images.dubizzle.com/images/2026/03/30/364e82e759e9423ab02e76283a9704ca-.jpeg?impolicy=dpv,85000.0,60123.0,suv,,automatic,electric,used,,GCC
51,mercedes-benz,e-class,e 200,2014,2014 Mercedes-Benz E200,"Mercedes-Benz E200 | GCC | Well Maintained | Comfortable & Reliable
Mercedes-Benz E200, driven 260,000 km, well maintained and in good running condition. Powered by a 2.0L turbocharged engine delivering 184 HP, offering a smooth and comfortable drive with excellent fuel efficiency. Ideal daily sedan with classic Mercedes comfort and safety.
Key Details:
• Engine: 2.0L Turbocharged
• Power: 184 HP
• Drivetrain: Rear-Wheel Drive
• Mileage: 260,000 km
• Specs: GCC
Features & Options:
• Leather Interior
• Electric Front Seats
• Dual-Zone Climate Control
• Cruise Control
• Bluetooth / Media Connectivity
• Reverse Camera
• Parking Sensors
• Keyless Start
• LED / Xenon Headlights
• Multi-Function Steering Wheel
• Drive Modes (Comfort / Sport)
• Alloy Wheels
A very comfortable and reliable Mercedes sedan, perfect for daily use. Clean inside and out, drives smooth.",https://dbz-images.dubizzle.com/images/2026/02/04/554e91a19e0a47b5ae7c61c2fd2b0969-.jpeg?impolicy=dpv,,260000.0,sedan,,,,used,,GCC
52,toyota,tundra,crewmax sr5,2024,2024 Toyota Tundra Crewmax SR5 - 3.4L V6 - AWD 4x4 - Rear Camera - Leather Seat - Low Mileage,"2024 Toyota Tundra Crewmax SR5 - 3.4L V6 - AWD 4x4 - Rear Camera - Leather Seat - Low Mileage
2024 Toyota Tundra CrewMax SR5 powered by a strong 3.4L V6 engine with AWD 4x4, delivering powerful performance and a confident road presence. The vehicle comes equipped with leather seats and a rear camera, and features low mileage, making it a well-maintained and ready-to-drive pickup.
Features
Engine: 3.4L V6
Model: CrewMax SR5
Drive: AWD 4x4
Seats: Leather Seats
Camera: Rear Camera
Mileage: Low Mileage
Features
Engine: 2.4L V4
Option: Full Option
Drive: AWD 4x4
Roof: Panoramic Sunroof
Seats: Leather Seats
Camera: Rear Camera
Location:
SIKANDAR MOTORS FZE
SHOWROOM # 208
DUCAMZ
DUBAI AUTO ZONE
DUBAI RAS AL KHOR AL AWIR / DUBAI / UAE
Follow us on social media:",https://dbz-images.dubizzle.com/images/2026/02/08/8062e9050e924b59b427f7f16791d566-.jpeg?impolicy=dpv,,,pickup,,,,,,
53,dodge,challenger,sxt,2023,DODGE CHALLENGER V6 2023 WIDEBODY KIT 51000 KM WITH ONE YEAR WARRANTY,"SHOWROOM 2 LOCATION: AL QUOZ 4
✅ 2023 Model
✅ US Specifications
✅ Only 51,000 KM
✅ Clean Car
✅ Body Kit
This vehicle is in excellent condition inside and out, with a smooth drive and outstanding performance. Meticulously maintained with a complete agency service record and no accident history.
━━━━━━━━━━━━━━━━━━━━━━
Why Buy From SM MOTORZ?
At SM MOTORZ, we make buying your next vehicle simple, transparent, and stress-free. Whether you’re purchasing your first car, upgrading, or looking for a reliable family vehicle, our team is here to help every step of the way.
✔️ 150+ Point Vehicle Inspection
✔️ No Hidden Charges or Pressure Sales
✔️ Trade-Ins Welcome
✔️ Flexible Finance Options Available
✔️ Warranty & After-Sales Support Available
✔️ RTA Roadworthiness Guaranteed
✔️ Most Vehicles Include 3–12 Months Warranty
✔️ Assistance with Registration, Insurance, Passing & All Paperwork
━━━━━━━━━━━━━━━━━━━━━━
Key Features
* Keyless Entry & Push Start
* Leather Interior
* Paddle Shifters
* Cruise Control
* Front & Rear Parking Sensors
* Reverse Camera
* Panoramic Sunroof
* Radar Cruise Control
* And Much More
━━━━━━━━━━━━━━━━━━━━━━
Business Hours:
Open Daily | 10:00 AM – 9:00 PM
Showroom 1:
Street 6, Al Manara Street, Al Quoz Industrial Area 1, Dubai
Showroom 2:
Just off Umm Suqeim Street, Al Quoz Industrial Area 4, Dubai
━━━━━━━━━━━━━━━━━━━━━━
Follow SM MOTORZ
Website: smmotorz.ae",https://dbz-images.dubizzle.com/images/2026/02/09/a764d95fadf04ff5bb95e6f01dfc8fed-.jpeg?impolicy=dpv,,51000.0,coupe,,,,used,1.0,US
54,jac,js4,intelligent,2023,AED 654/month | 2023 JAC JS4 Intelligent | GCC Specs | Ref#383967,"Starting from 654 per month
Payable in 60 months
20% down payment
**Bank terms & conditions may apply
2023
JAC JS4
1500 - 1999 cc 4 cylinders
100 - 199 HP
--------------------------------------------
GCC Specs
Warranty Included
Service Contract
26106 kms
Warranty until August 2028 or unlimited Kms
Service Contract Valid till 40,000 Kms
1. Grey with Leather Interior
2. Rear Parking Sensors
3. Bluetooth System
4. Keyless Entry and Start
5. Power Seats
6. 360 Degree Camera
7. Blind Spot Indicator
8. Cruise Control
9. Tiptronic Gears
10. Power Sunroof
11. Front Wheel Drive
--------------------------------------------
AED 43000
--------------------------------------------
Buy this car with confidence from dubizzle cars!
What is dubizzle cars?
We believe the process of buying and selling a car in the UAE should be easy, transparent, and hassle-free. We help sellers find the right buyers for their cars, and buyers find the right cars for their needs.
What to expect from dubizzle cars?
✅ No guesswork
Know what you're buying with our standard condition report. All cars undergo a thorough bumper-to-bumper inspection at the time of listing and a 120-point report is available for serious buyers, which checks for engine leaks, electrical components, exterior paint condition and accident history, interior condition, and tire condition.
✅ No stress
Relax as the experts at dubizzle cars do all the work for you. We manage the interaction between the buyer and seller, from beginning to end. Your funds are fully protected at the transaction stage since we manage the ownership title transfer at RTA/Muroor.
Best part?
<b",https://dbz-images.dubizzle.com/images/2026/02/12/b68506dbc4934597acf9c42023f3bfbd-.jpeg?impolicy=dpc,43000.0,26106.0,suv,Grey,automatic,petrol,used,5.0,GCC
55,mercedes-benz,cla-class,cla 250 4matic,2021,MERCEDES CLA250 2021,"مرسيدس CLA250 2021 ، وارد ، فل اوبشن ، احمر من الداخل اسود ، بانوراما ، عداد ديجيتال ، تحكم بالسيتات ،
نظام الايكو ، تحكم كامل من الستيرنج، هيديسبليه ، خمس كمرات
العداد : 40000km
السعر : 79,000 درهم
للتقسيط مع دفعة اولى (1600)
للتقسيط بدون دفعة اولى (2000)
للتواصل على الرقم 0507478716",https://dbz-images.dubizzle.com/images/2026/01/13/72b3e0ea260b4165a519c55bf9d04647-.jpeg?impolicy=dpv,79000.0,40000.0,sedan,أسود,,,used,,
56,mercedes-benz,cls-class,cls 550,2013,"2013 - BENZ CLS550 STW - SUPER CLEAN - LIKE NEW - ONLY 138,000 KM","Very Clean Mercedes Benz CLS550 STW
•Only 138,000 Km
•Year 2013
• No Accident
•Well Maintained
•White Color
•Both the Interior And Exterior Is Clean
•Fully Automatic
•Audio Control On The Steering Wheel
•Climate Control
•Fog Lamps And A Lot More...
Why Car Point FZE ?
*Over 100 luxury Japanese Imported cars at the most competitive prices
*More than 3,000 happy customers worldwide
*We have a team of friendly, multilingual and professional sales executives
*Convenient financing options
*Value for your money
*Peace of mind is guaranteed
___________________________________
Find Us on Google Maps ( Copy Link and Paste on Ur Browser )
Or Search Car Point FZE on Google Maps
Show Phone Number
Show Phone Number
FOLLOW US ON INSTAGRAM
___________________________________
Why Japan Imported Cars
• Higher Version Used Cars
• Low Depreciation
• Most Reliable
• More Eco-Friendly
• Easy Maintenance
• Availability Spare Parts
• Low Mileage Considering Local Used Cars
___________________________________
Our Service
• RTA Registration Assistance
• Insurance Service
• After Sales Service
• Export To any Country.
• Delivery of Car any Where in U.A.E
____________________________________
Address: Car Point FZE Show Room Number 345 Dubai Auto Zone Ras Al Khor Dubai.
Opening Times:
Saturday to Thursday 09:00am-8:00pm.
Friday 02:00pm-8:00pm
___________________________________
The Car Point FZE , offering the largest stock of pre-owned Japanese Imported Cars , has proven itself over the years as a force to be reckoned with in the Dubai market. The outstanding quality of our products and customer service have paved the way for us to further cement our position i",https://dbz-images.dubizzle.com/images/2026/01/30/c5f08c584ff140a586596bcee812a4f4-.jpeg?impolicy=dpv,,138000.0,wagon,White,automatic,,used,,
57,land rover,discovery,hse,2019,LAND ROVER DISCOVERY - HSE - 2.0 L,السيارة بحالة جيدة جدا ولا تحتاج صيانة ولا اصلاح,https://dbz-images.dubizzle.com/images/2026/01/31/83ed807137aa40c4b32010a8553697d2-.jpeg?impolicy=dpv,,,,,,,,,
58,bmw,2-series,other,2025,"BMW M2 35 | Brand New | AED 2,650 monthly | Ref#S32015","BMW M2 35
Model : 2025
Odometer : 1,194 Kms
------------------
Our flexible payment plans are bank auto loans.
Option 1 - AED 3,350 monthly for 5 years with 0% Down-Payment / flexible.
Option 2 - AED 2,650 monthly for 5 years with 20% Down-Payment / flexible.
Option 3 - AED 165,000 cash.
And
First Installment After 3 Month.
------------------
• Aida (+971) 0542222307 ( English & Arabic)
Wer'e Located at AL WAHADA ST. NEXT OF KING FAISAL BRIDGE,
------------------
Showrooms Timing :‎
• Sat-Thur : 10:00 AM TO 10:00 PM‎
• FRI : 4:00 PM TO 10:00 PM
--------------------
A name you can trust, Welcome to Al Qassem Group Showrooms, We've been in the auto industry for 23 ‎years in UAE, 15 years in Jordan, And more than 30 years in Iraq.
We won the Dubizzle (Legend) Sharjah showroom of the year 2022 And 2023
And multiple of Top seller of the month by Dubizzle
-----------------
Follow Us on:
Facebook : Al Qassem Group
Instagram : Alqassem_group_luxury_cars
Snapchat: alqassem-group
TikTok : alqassemgroup
--------------------
Our Service : ( VIP )
• Flexible finance and insurance options .
• Expert sales and after-sales support .
• Car registration assistance .
( Insurance - Examination - Registration ) .
• Export deals and services available .
• we can deliver the car to any where on UAE
------------------
What we offer : ( Easy Financing )
• Buy your car from al qassem group without down payment, The first installment after 3 Months.
• Approved bank finance Available.
• Excellent services 24 hours a day.
------------------
Employed :
• Salary Certificate
• IBAN Number
• Passport and Visa copies
• Emirates ID copy<br",https://dbz-images.dubizzle.com/images/2026/03/04/1f05c83c23724f359ddc3ab9d877faa8-.jpeg?impolicy=dpv,165000.0,1194.0,,,,,,,
59,ford,edge,titanium,2016,AED 1232/month | 2016 Ford Edge  | GCC Specs | Ref#448623,"Starting from 1232 per month
Payable in 24 months
20% down payment
**Bank terms & conditions may apply
2016
Ford Edge
3500 - 3999 cc 6 cylinders
200 - 299 HP
--------------------------------------------
GCC Specs
101982 kms
1. Black with Leather Interior
2. Bluetooth System
3. Premium Sound System
4. Adaptive Cruise Control
5. Tiptronic Gears
6. Park Assist
7. Lane Change Assist
8. Blind Spot Indicator
9. Power Seats
10. Heated and Cooled Seats
11. Panoramic Sunroof
12. Keyless Entry and Start
13. Rear view Camera
14. Front and Rear Parking Sensors
15. All Wheel Drive
--------------------------------------------
AED 35000
--------------------------------------------
Buy this car with confidence from dubizzle cars!
What is dubizzle cars?
We believe the process of buying and selling a car in the UAE should be easy, transparent, and hassle-free. We help sellers find the right buyers for their cars, and buyers find the right cars for their needs.
What to expect from dubizzle cars?
✅ No guesswork
Know what you're buying with our standard condition report. All cars undergo a thorough bumper-to-bumper inspection at the time of listing and a 120-point report is available for serious buyers, which checks for engine leaks, electrical components, exterior paint condition and accident history, interior condition, and tire condition.
✅ No stress
Relax as the experts at dubizzle cars do all the work for you. We manage the interaction between the buyer and seller, from beginning to end. Your funds are fully protected at the transaction stage since we manage the ownership title transfer at RTA/Muroor.
Best part?
Need a",https://dbz-images.dubizzle.com/images/2026/04/07/25cde99d0aa748d8bb791e75cb462d6d-.jpeg?impolicy=dpc,35000.0,101982.0,suv,Black,,,used,,GCC
60,mini,countryman,cooper s,2014,Urgent mini countryman S model 2014 GCC panorama very clean,"Gulf car
Full option
Panorama
4 weal
Very clean
Like new",https://dbz-images.dubizzle.com/images/2024/11/07/342772cdbf5546e5b05ddc68217bf582-.jpeg?impolicy=dpv,,,suv,,,,used,,GCC
61,land rover,range rover sport,supercharged,2015,RANGE ROVER SPORT V8 * FULL OPTIONS * GCC SPEC * PANORAMIC * WELL_MAINTAINED,"SUPERCHARGED V8
GCC
AWESOME WHITE COLOR
TOP OF THE OPTIONS
PANORAMIC ROOF
PERFECT RANGE ROVER SPORT
GCC !
UNIQUE CONDITION !!!
CLEANEST RANGE ROVER SPORT IN UAE
HIGH LINE RIMS
THERE IS NO SINGLE SCRATCH ON THE CAR
VERY NEAT INSIDE AND OUTSIDE
NEVER HAD ANY MECHANICAL PROBLEMS
ACCIDENTS FREE
SERVICED ON TIME
ORIGINAL KEYS
FRANKLY THIS IS THE BEST RR SPORT
JUST SERVICED AND DOESNT NEED SINGLE DIRHAM TO SPEND ON IT
ALWAYS PARKED UNDER COVERED PARKING
NO SMOKERS OR KIDS INSIDE THE CAR
Best part about the car is the looks since its probably the best looking so far.
Honestly we can say it’s brand new after the last service has been done as they have replaced most of the parts just to be like the brand new car!",https://dbz-images.dubizzle.com/images/2025/01/14/78f6f133c0e14ecca36ebaa4a74b1041-.jpeg?impolicy=dpv,,,,,,,,,
62,bmw,ix3,other,2025,BMW iX3 Creative 2025,"""Welcome to CARANDX - Your Car Solution! At CARANDX, we're driven by a passion for providing top-quality cars to countries around the world. With a commitment to excellence and a global perspective, we're here to transform the way you experience mobility. Join us as we take you on a journey through our world of cars, dedicated to making your driving dreams a reality.""
Our services:
- Competitive market prices
- Outstanding customer service
- Expert sales and after-sales support
- We can provide all kinds of cars from all over the world
- We can help with the shipping
To follow our latest offers and promotions, please follow us on social media
Youtube: CarandX
Location: Ras Al Khor Industrial Ducamz Auto Market Showroom 20,67,77",https://dbz-images.dubizzle.com/images/2025/03/22/1a22940541dc41d388b1e6f6c664070d-.jpeg?impolicy=dpv,,,,,,,,,
63,toyota,innova,se,2020,2020 Toyota innova V4 2.7 Gcc in perfect condition very clean,"2020 Toyota innova
Gcc
In perfect condition
Free accident
Very clean from inside and out
No issues with the car
Nice family car
7 seater
4 new tires
تويوتا اينوفا خليجي صبغة وكاله بحاله جيده جدا
For more information please call
Allaith car showroom
Abudhabi
RAHAYL CARS CITY
Showroom number C185
Call saeed
Working time:
Everyday from 9am to 1:30pm
And from 4:30pm to 9:30 pm
Only Friday from 4:30pm to 9:30 pm
‎إمكانية التمويل عن الطريق البنك
‎للاسعار و مزيد من المعلومات تقضل بزيارة معرضنا أو اتصال على …",https://dbz-images.dubizzle.com/images/2025/10/07/fbca47ccf6f64646aab6c45d96b8bf14-.jpeg?impolicy=dpv,,,suv,,,,used,,GCC
64,mercedes-benz,c-class,c63 amg,2017,MERCEDES C63 COUPE 2017 4.5 GRADE FRESH JAPAN IMPORT,"Mercedes Benz C63 coupe
Model: 2017
Colour: white
Mileage: 29041 Km
Grade: 4.5
Japan Import
Heating and cooling seat
Very clean car just like new
No accident No paint",https://dbz-images.dubizzle.com/images/2025/10/27/57ead27d7e65448a88df36be8223ca8e-.jpeg?impolicy=dpv,,29041.0,coupe,white,automatic,petrol,used,,Japanese
65,mercedes-benz,sprinter,313 cdi,2016,Mercedes Benz Sprinter 2016 GCC,"Mercedes Benz Sprinter 2016 Model Gcc spec in Mint condition
160000KM Driven, Diesel ,Caravan, Manual Transmission , Single owner Automatic windows
This car can be used as pet grooming companies etc",https://dbz-images.dubizzle.com/images/2025/11/05/41d54b21f6674a63b03cd15f5b59ff19-.jpeg?impolicy=dpv,,160000.0,,,manual,diesel,used,,GCC
66,toyota,prado,gxr,2023,AED 2279/month | 2023 Toyota Prado GXR | GCC Specs | Ref#403982,"Starting from 2279 per month
Payable in 60 months
20% down payment
**Bank terms & conditions may apply
2023
Toyota Prado
4000+ cc 6 cylinders
200 - 299 HP
--------------------------------------------
GCC Specs
74047 kms
1. White with Fabric Interior
2. Keyless Entry and Start
3. Front and Rear Parking Sensors
4. Bluetooth System
5. Cruise Control
6. Tiptronic Gears
7. Park Assist
8. Side Steps
9. Power Sunroof
10. Fog Lights
11. 4 Wheel Drive
--------------------------------------------
AED 150000
--------------------------------------------
Buy this car with confidence from dubizzle cars!
What is dubizzle cars?
We believe the process of buying and selling a car in the UAE should be easy, transparent, and hassle-free. We help sellers find the right buyers for their cars, and buyers find the right cars for their needs.
What to expect from dubizzle cars?
✅ No guesswork
Know what you're buying with our standard condition report. All cars undergo a thorough bumper-to-bumper inspection at the time of listing and a 120-point report is available for serious buyers, which checks for engine leaks, electrical components, exterior paint condition and accident history, interior condition, and tire condition.
✅ No stress
Relax as the experts at dubizzle cars do all the work for you. We manage the interaction between the buyer and seller, from beginning to end. Your funds are fully protected at the transaction stage since we manage the ownership title transfer at RTA/Muroor.
Best part?
Need a more comprehensive inspection?
Upgrade to the advanced condition report for only AED 369
Looking to finance this car?
**Ask us",https://dbz-images.dubizzle.com/images/2025/12/15/b78a31db-5a4a-4886-aa4e-ffdbf9b97ec7/fc49b300f86944d9a302815410d66af6-.jpg?impolicy=dpc,150000.0,74047.0,suv,White,,,used,,GCC
67,tova,j14,other,2025,TOVA J14 3.0 TON 2.8L Chassis 2025 Model available only for export,"HQ Dubai, we are an ISO 9001 Certified company, one among the Most Trusted / Leading New Car distributors in the region having own showrooms in the Middle East, Africa & CIS and operating mainly in Africa, CIS, Middle East, Europe, India, Far East and China, with a defined target of being a Globally Integrated Business Platform.
Say Yes to JES!
Connect with Us",https://dbz-images.dubizzle.com/images/2025/01/29/7dce8198f5fa47eb977275229a4256f1-.jpeg?impolicy=dpv,,,,,,,,,
68,tova,j14,other,2025,TOVA J14 3.0 TON 2.8L Chassis 2025 Model available only for export,"HQ Dubai, we are an ISO 9001 Certified company, one among the Most Trusted / Leading New Car distributors in the region having own showrooms in the Middle East, Africa & CIS and operating mainly in Africa, CIS, Middle East, Europe, India, Far East and China, with a defined target of being a Globally Integrated Business Platform.
Say Yes to JES!
Connect with Us",https://dbz-images.dubizzle.com/images/2025/01/29/091b76bb9b9242978a8d4719a06ab3ed-.jpeg?impolicy=dpv,,,,,,,,,
69,bmw,3-series,325i executive,2008,EXTRA CLEAN BMW 325I M.KIT LOW K.M FRESH JAPAN IMPORTED,"BMW325I M.KIT
LOW MILEAGE 74000 km ONLY
2008
FRESH JAPAN IMPORTED
FOR MORE DETAIL VISIT OUR SHOWROOM
HAROON SHARIF MOTORS
SHOWROOM NO 356 DUCAMZ AWEER DUBAI
OR CALL
0507583982",https://dbz-images.dubizzle.com/images/2025/04/27/b3cc3fb59f9644e5987fab378bd96a96-.jpeg?impolicy=dpv,,74000.0,,,,,,,Japanese
70,bmw,m5,other,2021,2021 | BMW | M5 | CS Manhart MH5 GTR,"A decade of experience in Luxury car selling and buying. Every model for sale has been delivered to the highest level of quality standards.
DESCRIPTION
• Car Name: BMW M5 CS Manhart MH5 GTR
• Spec: EURO
• Mileage: 4,390 Kms
• Last Service: 11/04/2025 or 4,384 (Munich Motors)
• Next Service: 11/04/2026
To find out more about Who We Are & to view our latest collection
We welcome you to visit our showroom — open 7 days a week:
• Monday to Saturday: 10 AM – 9 PM
• Sunday: 12 PM - 6 PM
You can also stay connected with us on",https://dbz-images.dubizzle.com/images/2026/04/07/01952b631ac9437aac29ba244ab544f9-.webp?impolicy=dpv,,4390.0,,,,,,,EURO
71,toyota,corolla,gli,2020,كاش او بنك,جلد من داخل رنجات شاشه كامرا,https://dbz-images.dubizzle.com/images/2025/07/26/caadc023fe0c48298a1d8be7a35a44f5-.jpeg?impolicy=dpv,,,,,,,,,
72,bentley,bentayga,other,2022,2022 BENTAYGA BLACKLINE - TOURING PACKAGE - MULLINER - CARBON PACKAGE WITH NAIM,"BENTLEY BENTAYGA S
WARRANTY UPON REQUEST
Visit our showroom:
Stoub Biz Motors, Showroom 50, Block 5, Al Aweer Auto Market (New), Ras Al Khor, Dubai.
Check our website to view our full inventory:
Follow us on Instagram
STOUB BIZ MOTORS LLC
Stoub Biz Motors LLC specializes in procuring the finest luxury motorcars in the world for our local, regional, and international clients. With over 20 years of experience in the sport, exotic, luxury, and supercar business, we maintain close ties with the top manufacturers and importers. This gives us an edge to secure even the hardest-to-find vehicles at special prices – in both regular and rare editions. We can obtain new models that are sold out, available elsewhere only on long waitlists, supercars loaded with space-age technology, and the latest accessories and sports cars with racing-car performance and luxury-car comfort.
‎ستوب بيز موتورز ذ م م متخصصون في شراء أرقى السيارات الفاخرة في العالم لعملائنا المحليين والإقليميين والدوليين. أكثر من 20 عامًا من الخبرة في السيارات الرياضية، والسيارات الفاخرة، والسيارات الخارقة، نحافظ على علاقات وثيقة مع كبار المصنعين والمستوردين. وهذا يمنحنا ميزة تأمين السيارات التي يصعب العثور عليها بأسعار خاصة - لكل من الإصدارات العادية والنادرة. يمكننا الحصول على الطرازات الجديدة غير المتوفرة في أماكن أخرى الا على قوائم الانتظار الطويل، والسيارات الخارقة المحملة بأحدث التكنولوجيا والإكسسوارات والسيارات الرياضية مع أ",https://dbz-images.dubizzle.com/images/2025/08/28/af9ce284145143afae7333f1f514da69-.jpeg?impolicy=dpv,,,suv,,,,,,
73,bentley,bentayga,first edition,2017,UAEs Very Best Example | Incomparably Prepared Example | First Edition,"🏆 This Bentley Bentayga First Edition is the best example available, and is prepared to Approved Certified standards! 🏆
🚗 Bentley Bentayga First Edition
📅 2017 MY
🔢 107,636 KM
🌍 GCC- UAE
🎨 Exterior: Havana
🪑 Interior: Two Tone Bentley Linen And Saddle,
🛡️ Up to 3 years Approved Unlimited Claim Warranty available
🛡️ Up to 3 years Service Inclusive Plus package including brake replacement available
✨ Key Features:
✔️ 22-inch Polished Alloy Wheels Five-spoke Design – First Edition Exclusive
✔️ Exclusive First Edition Leather Package With Diamond Quilted Seats
✔️ Wood Trim In Dark Stained Burr Walnut
✔️ Illuminated “Bentley” Treadplates
✔️ Mood Lighting Package With Ambient Interior Lights
✔️ Contrast Stitching And Embroidered First Edition Logo
✔️ Led Matrix Headlamps With Signature Drl
✔️ Veneered Picnic Tables With Chrome Inlays
✔️ Deep Pile Overmats (Front & Rear)
✔️ Panoramic Glass Sunroof With Electric Blind
✔️ Four-zone Climate Control
✔️ Ventilated Seats
✔️ Powered Rear Sunblinds
✔️ Hands-free Electric Tailgate
✔️ Soft-close Doors
✔️ Keyless Entry & Start
✔️ 8-inch Touchscreen Infotainment
✔️ Park Assist With 360° Cameras
✔️ Adaptive Cruise Control
✔️ Head-up Display
🔄 Any Trade-In Considered - We Accept Your Current Vehicle
₿ Crypto Payments Accepted
📲 CALL NOW FOR A PERSONALISED VIDEO OR TO BOOK A PRIVATE VIEWING
🏠 Home Viewings Available - We Come To You
▔▔▔▔▔▔▔▔▔▔
🏆 Every Approved Certified vehicle is independently inspected to a 175-point standard before it reaches our floor. Brakes measured to the millimetre. Tyres, mechanical, and electrical systems checked against defined minimums - anything that falls short is replaced, not monitored. Where a service is due within 5,",https://dbz-images.dubizzle.com/images/2026/05/21/cdcbfe46b4ee48419830492845eaf027-.jpeg?impolicy=dpv,,107636.0,,Havana,,,,,GCC
74,land rover,range rover evoque,r-dynamic se,2023,"3,000 PM | 0% Down-Payment | Land Rover Warranty | SummerOffer SUNROOF","SUMMER OFFER ☀️⏳
✅ FREE REGISTRATION 📝
✅ FREE WINDOW TINTING 🪟✨
✅ FREE 1 YEAR PREMIUM WARRANTY 🛡️📅
✅ FREE SALIK TAG 🚗🔖
T&Cs apply
.
RangRover (Al Tayer) Warranty untill 28/09/2027 or 150,000 km
⸻
Why This Range Rover Evoque SE P200 R-Dynamic?
Luxury compact SUV combining sophisticated British design, advanced technology, and premium comfort with R-Dynamic specification. This 2021 model is a pristine, accident-free GCC example with full service history and excellent condition. It comes with comprehensive Land Rover warranty and service package for complete peace of mind. We offer this exceptional luxury SUV at the most competitive price in the market.
⸻
Flexible Bank Financing Options:
• Option 1: AED 3,000/month for 5 years – 0% Down Payment
• Option 2: AED 2,400/month for 5 years – 20% Down Payment
Selling Price: AED 149,999
(Plus applicable government taxes)
⸻
Range Rover Evoque SE P200 R-Dynamic Highlights:
• 2.0L Turbocharged Ingenium Engine
• 9-Speed Automatic Transmission
• All-Wheel Drive System
• R-Dynamic Exterior & Interior Package
• Touchscreen Infotainment with Navigation
• Apple CarPlay & Android Auto
• Meridian Sound System
• Panoramic Sunroof
• 360° Camera & Parking Sensors
• Keyless Entry & Push Start
• Leather Seats with Power Adjustment
• 20"" Alloy Wheels
• Terrain Response System
• Advanced Safety Features
⸻
Details:
• Mileage: 69,000 KM
• Warranty: Land Rover (Al Tayer ) 28/09/2027 or 150,000 km
• Service: Can Be Added
• Ownership: GCC Spec | SE P200 R-Dynamic | Accident-Free | Full Service History
⸻
Call/WhatsApp:
Website:
Visit Our Showroom:
• Daily: 10:00 AM – 9:00 PM
• Friday: 4:00 PM –",https://dbz-images.dubizzle.com/images/2026/01/06/70cfa6cb1ac7426a8a95e23768b69f46-.jpeg?impolicy=dpv,149999.0,69000.0,suv,,automatic,,used,,GCC
75,audi,q8,55 tfsi quattro s line,2023,"4,000 P.M | 0% DownPayment | Under Warranty | SummerOffer ABT BodyKit","SUMMER OFFER ☀️⏳
✅ FREE REGISTRATION 📝
✅ FREE WINDOW TINTING 🪟✨
✅ FREE 1 YEAR PREMIUM WARRANTY 🛡️📅
✅ FREE SALIK TAG 🚗🔖
T&Cs apply.
Under Premium Warranty
⸻
Why This Audi Q8 55 TFSI Quattro S Line?
Luxury sport SUV combining sophisticated design, advanced technology, and powerful V6 performance with quattro all-wheel drive capability. This 2023 model is a pristine, accident-free GCC example with full service history and excellent condition. It comes with comprehensive warranty and service package for complete peace of mind. We offer this exceptional luxury SUV at the most competitive price in the market.
⸻
Flexible Bank Financing Options:
• Option 1: AED 4,000/month for 5 years – 0% Down Payment
• Option 2: AED 2,700/month for 5 years – 20% Down Payment
Selling Price: AED 204,999
(Plus applicable government taxes)
⸻
Audi Q8 55 TFSI Quattro S Line Highlights:
• 3.0L V6 TFSI Engine
• quattro All-Wheel Drive System
• 8-Speed Tiptronic Automatic Transmission
• S Line Exterior & Interior Package
• Audi Virtual Cockpit Plus
• MMI Navigation Plus with Touchscreen
• Apple CarPlay & Android Auto
• Bang & Olufsen Premium Sound System
• Panoramic Glass Sunroof
• 360° Camera & Parking Sensors
• Keyless Entry & Push Start
• Leather Sports Seats with Power Adjustment
• 21"" Audi Sport Alloy Wheels
• Multiple Drive Modes
• Advanced Safety Features
• Heating & Cooling Seats
• Head-Up Display
• ABT Sport Body Kit
⸻
Details:
• Mileage: 89,000 KM
• Warranty: 1 Year Premium Warranty
• Service: Can Be Added
• Ownership: GCC Spec | S Line Package | Accident-Free | Original Paint | Full Service History
⸻
Call/WhatsApp:
Website:
V",https://dbz-images.dubizzle.com/images/2026/02/18/7abd3f37c0f244838e565a1e0050a46e-.jpeg?impolicy=dpv,204999.0,89000.0,suv,,automatic,,used,1.0,GCC
76,nissan,x-trail,s,2022,2022/Nissan/X-Trail/Low Price/GCC/Immaculate Condition/Own in Cash/Auto Loan at 0% Down Payment,"Nissan X-Trail 2022 Model SUV, A Symphony of Style and Efficiency
Effortless Performance:
Empowered by a 2.5 Ltr Engine for Comfort Drive
Flawless Legacy
05 Seater Family Car
Peak Condition:
Mechanical and Electrical Perfection Unleashed
Exclusive Drive:
Solely Guided by a Single Hand, Crafted for Individuality
GCC Precision:
Crafted with GCC Specifications for Unmatched Quality
Features Galore:
Bluetooth Connectivity
ABS Brake System
Rear View Camera/Parking Sensors for Enhanced Safety
Effortless Cruising with Cruise Control
USB Port and Audio Aux In for Versatile Connectivity
Power and Control:
Embellished with Power Mirrors, Windows, and Steering
Safety at its Core:
Central Locking System for Added Security
Supplied with 02 Original Keys
Fully Automatic for Effortless Driving
Stylish Ride on Alloy Wheels
Aesthetic Brilliance:
Interior Opulence: Extra Clean and Exceptionally Maintained
Exterior Elegance: Unblemished, Capturing Attention at Every Turn
• ""At Best Wheels, we're redefining car ownership. Enjoy the freedom of auto finance with 0% down payment options through various banks. Your dream car is within reach – visit us and drive away with ease!""
• Comprehensive Auto Finance:
• Covers Bank Processing Fee
• Includes Evaluation Fee
• Takes care of RTA Test/Registration Fees
• Provides Comprehensive Insurance
• Accessible to All:
• Salary requirement: AED 3000 (WPS)
• Accepts both Savings and Current accounts
• No need for a Cheque Book
• No mandatory Salary Transfer
• Inclusive for All Companies:
• Auto loan available for Non-listed Companies
• Monthly Installment is less than Monthly Car
• Simple Documentation:
• Passport Copy and Visa Page Copy
• Emirates ID Copy
• Salary Certificate (AED 3000 and More)
• Last 03 Month’s Bank Statements
For a Closer Look, Contact to Schedule a Viewing 055977",https://dbz-images.dubizzle.com/images/2025/11/05/871e20d3381643128c5816a9da5c1d7a-.jpeg?impolicy=dpv,,,suv,,automatic,,used,,GCC
77,land rover,range rover sport,hst,2020,Range Rover Sport HST SC Clean title,"Range Rover Sport HST SC
Clean title
Original paint - Free Accidents
2 keys
Black Edition",https://dbz-images.dubizzle.com/images/2025/11/26/8da9cbe6b6534fdb8708e4f317fb54ac-.jpeg?impolicy=dpv,,,,,,,,,
78,bmw,i4,edrive35,2024,"AED 2,340 P.M | 2024 BMW i4 Gran Coupé eDrive35 MSport | BMW Warranty and Service Contract | GCC |","AED 2,340 P.M | 2024 BMW i4 Gran Coupé eDrive35 M Sport | Under BMW Warranty & Service Contract | GCC | 179,000 AED
✅ GCC Specs
✅ Full Service History by BMW
✅ BMW Warranty Until 28/05/2029 or 200,000 KM
✅ BMW Service Contract Until 28/05/2030 (Unlimited Mileage)
✅ Engine Specs: Electric Motor — 286 HP
AED 2,340 Monthly (20% Down Payment) Over 5 Years.
Flexible Down Payment Option.
—————————
VEHICLE SPECS:
GCC Specs
5+ Doors / 5 Seats
Electric
17,138 Km
286 HP
Rear Wheel Drive
Battery Capacity: 66.0 kWh (Usable)
Driving Range: Up to 483 km (WLTP)
Home Charging (AC 11 kW): Approx. 6.5 hours (0–100%)
Fast Charging (DC up to 180 kW): 10–80% in approx. 32 minutes
—————————
OPTIONS & FEATURES:
M Sport Package
M Leather Steering Wheel
M Aerodynamics Package
BMW Individual Headliner in Anthracite
Acoustic Protection for Pedestrians
Acoustic Seat-Belt Warning
Ambient Lighting
Automatic Air Conditioning
Automatic Operation of Tailgate
BMW Individual High-Gloss Shadow Line
Comfort Access System
Driving Assistant Professional
Electric Glass Roof
Harman Kardon Surround Sound System
High-Beam Assistant
Lumbar Support (Driver & Front Passenger)
M Sport Brake
Parking Assistant Plus
Apple CarPlay
Android Auto
Seat Adjustment, Electric with Memory
Wireless Charging Tray
360 Camera
—————————
CONTACT:
Anna (English & Russian)
William (Arabic & English)
Majed (Arabic & English)
—————————
FINANCING (Required):
1- Emirates ID
2- Emirates Driving License (full cover insurance for loan applicable only)<b",https://dbz-images.dubizzle.com/images/2025/12/12/ea8f24befdf54dd7bd01d3f441c9fcde-.jpeg?impolicy=dpv,179000.0,17138.0,,,,electric,,,GCC
79,xiaomi,yu7,max,2025,أبوظبي ايكاد 5 مدينه رحايل للسيارات معرض المملكه,"سياره كهربائيه بالكامل
مع قوه حصان 690
مدينه كهربائي يصل 750 كيلو متر
سياره رياضيه متميزه
ضمان 5 سنوات مفتوح الكليو
للتواصل
معاذ اليوسف:0555540224
بندر مبارك :0555581228",https://dbz-images.dubizzle.com/images/2025/12/29/4e8cf966991b4230a9a8f1577965d126-.jpeg?impolicy=dpv,,,,,,,,5.0,
80,land rover,range rover evoque,r-dynamic se,2023,"3,000 PM | 0% Down-Payment | Land Rover Warranty | SummerOffer SUNROOF","SUMMER OFFER ☀️⏳
✅ FREE REGISTRATION 📝
✅ FREE WINDOW TINTING 🪟✨
✅ FREE 1 YEAR PREMIUM WARRANTY 🛡️📅
✅ FREE SALIK TAG 🚗🔖
T&Cs apply
.
RangRover (Al Tayer) Warranty untill 28/09/2027 or 150,000 km
⸻
Why This Range Rover Evoque SE P200 R-Dynamic?
Luxury compact SUV combining sophisticated British design, advanced technology, and premium comfort with R-Dynamic specification. This 2021 model is a pristine, accident-free GCC example with full service history and excellent condition. It comes with comprehensive Land Rover warranty and service package for complete peace of mind. We offer this exceptional luxury SUV at the most competitive price in the market.
⸻
Flexible Bank Financing Options:
• Option 1: AED 3,000/month for 5 years – 0% Down Payment
• Option 2: AED 2,400/month for 5 years – 20% Down Payment
Selling Price: AED 149,999
(Plus applicable government taxes)
⸻
Range Rover Evoque SE P200 R-Dynamic Highlights:
• 2.0L Turbocharged Ingenium Engine
• 9-Speed Automatic Transmission
• All-Wheel Drive System
• R-Dynamic Exterior & Interior Package
• Touchscreen Infotainment with Navigation
• Apple CarPlay & Android Auto
• Meridian Sound System
• Panoramic Sunroof
• 360° Camera & Parking Sensors
• Keyless Entry & Push Start
• Leather Seats with Power Adjustment
• 20"" Alloy Wheels
• Terrain Response System
• Advanced Safety Features
⸻
Details:
• Mileage: 69,000 KM
• Warranty: Land Rover (Al Tayer ) 28/09/2027 or 150,000 km
• Service: Can Be Added
• Ownership: GCC Spec | SE P200 R-Dynamic | Accident-Free | Full Service History
⸻
Call/WhatsApp:
Website:
Visit Our Showroom:
• Daily: 10:00 AM – 9:00 PM
• Friday: 4:00 PM –",https://dbz-images.dubizzle.com/images/2026/01/06/af946448b372420a992878446d3bcbac-.jpeg?impolicy=dpv,149999.0,69000.0,suv,,automatic,,used,,GCC
81,ferrari,sf90 stradale,other,2021,2021 | Ferrari | SF90 Stradale | With Warranty,"A decade of experience in Luxury car selling and buying. Every model for sale has been delivered to the highest level of quality standards.
DESCRIPTION
• Car Name: Ferrari SF90 Stradale
• Spec: EURO
• Mileage: 15,400 Kms
• Last Service: 04/02/2026 (German Experts)
• Next Service: 04/02/2027
• Warranty: 13/09/2026 or 60,000 Kms (German Experts)
To find out more about Who We Are & to view our latest collection
We welcome you to visit our showroom — open 7 days a week:
• Monday to Saturday: 10 AM – 9 PM
• Sunday: 12 PM - 6 PM
You can also stay connected with us on",https://dbz-images.dubizzle.com/images/2026/01/17/be078155e5a246b1be7f3d82a2af3fa7-.webp?impolicy=dpv,,15400.0,,,,,,,EURO
82,nissan,patrol,le platinum,2024,‏ ‏معرض بن برغش للسيارات أبوظبي مدينة بني ياس,‏نيسان باترول بلاتينيوم موديل 2024 Zero متر ثمانية سلندر آخر إصدار جديد ضمان الوكيل المسعود رقم واحد فل ابيشن أعلى مواصفات الكمية محدودة جدا جاهزة للتسجيل المحلي,https://dbz-images.dubizzle.com/images/2026/04/19/0423d632353941ef9a8708c2a3cc0391-.jpeg?impolicy=dpv,,,,,,,,,
83,volvo,xc60,b5 core,2024,GCC PERFECT CONDITION TOP OF THE RANGE,"GCC
PERFECT CONDITIONS
SERVICE CONTRACT",https://dbz-images.dubizzle.com/images/2026/03/18/3c310eea99e346e89db8bd3e2db4228b-.jpeg?impolicy=dpv,,,,,,,,,GCC
84,ford,explorer,limited,2016,Ford Explorer 2016 Korean specs,"2016 Ford Explorer Limited — Korean Specs — Perfect Condition
Experience the perfect blend of power, comfort, and reliability with this 2016 Ford Explorer Limited, Korean specifications. This full-time 4WD SUV with a classic automatic 6-speed transmission offers the versatility needed for both city driving and off-road adventures. With a low mileage of 96,245 km, this Explorer is in perfect condition and ready to meet your needs.
Model: Ford Explorer
Year: 2016
Engine: 2.3 L Petrol (284 hp)
Mileage: 96,245 km
Transmission: 6-speed Automatic
Drive Type: Full-time 4WD
Seating Capacity: 7 seats
Body Type: SUV
This Explorer Limited is loaded with premium features designed to enhance your driving experience:
Advanced safety with ABS, EBD, ESC, and multiple airbags
Convenient keyless entry and push button start
Enhanced comfort with dual-zone climate control and heated seats
Entertainment with a Hi-Fi audio system, Bluetooth, and USB connectivity
Multimedia system with touchscreen and navigation system
Parktronic rear and rear view camera for easy parking
Stylish design with leather upholstery and 20"" alloy wheels
With its powerful 284 hp engine and all-terrain drive capabilities, this Ford Explorer Limited offers an exceptional driving experience. The vehicle's perfect condition and robust feature set ensure that you're ready for any journey in style and comfort.",https://dbz-images.dubizzle.com/images/2026/05/08/d200bb20b5df407d8c3deabf93175ffd-.jpeg?impolicy=dpv,,96245.0,suv,,automatic,petrol,used,,Korean
85,toyota,urban cruiser,glx,2025,AED 1063/month | 2025 Toyota Urban Cruiser  | GCC Specs | Ref#430978,"Starting from 1063 per month
Payable in 60 months
20% down payment
**Bank terms & conditions may apply
2025
Toyota Urban Cruiser
1500 - 1999 cc 4 cylinders
100 - 199 HP
--------------------------------------------
GCC Specs
26130 kms
1. Red with Leather Interior
2. Bluetooth System
3 Cruise Control
4 Tiptronic Gears
5. Park Assist
6. Keyless Entry and Start
7. Rear & 360 Degree Camera
8. Rear Parking Sensors
9. Front Wheel Drive
--------------------------------------------
AED 69900
--------------------------------------------
Buy this car with confidence from dubizzle cars!
What is dubizzle cars?
We believe the process of buying and selling a car in the UAE should be easy, transparent, and hassle-free. We help sellers find the right buyers for their cars, and buyers find the right cars for their needs.
What to expect from dubizzle cars?
✅ No guesswork
Know what you're buying with our standard condition report. All cars undergo a thorough bumper-to-bumper inspection at the time of listing and a 120-point report is available for serious buyers, which checks for engine leaks, electrical components, exterior paint condition and accident history, interior condition, and tire condition.
✅ No stress
Relax as the experts at dubizzle cars do all the work for you. We manage the interaction between the buyer and seller, from beginning to end. Your funds are fully protected at the transaction stage since we manage the ownership title transfer at RTA/Muroor.
Best part?
Need a more comprehensive inspection?
Upgrade to the advanced condition report for only AED 369
Looking to finance this car?
**Ask us about our exclus",https://dbz-images.dubizzle.com/images/2026/02/18/334f08e5578541a38d21cbabb8a2e045-.jpeg?impolicy=dpc,69900.0,26130.0,suv,Red,automatic,petrol,used,,GCC
86,honda,cr-v,ex-l,2021,1048 Per Month | Honda CR-V | GCC | 2 Keys | Toyota Service History | Agency Maintained |,"Vehicle Details:
• Mileage: 79,000 km
• Specification: GCC
• Service History: Full agency service history
• Keys: 2 original keys
• Interior: Very clean, non-smoker
• Condition: Original, well preserved, no pending work
Additional Information:
• Bank finance available
• Ready for immediate transfer
• Viewing available for serious buyers
A reliable and elegant SUV for those who value quality, comfort, and proper maintenance.
📞 Contact to arrange a viewing
052 996 5849 - FIONA",https://dbz-images.dubizzle.com/images/2026/02/02/9635f44f37034c7d97a7b2f176d94e09-.jpeg?impolicy=dpv,,79000.0,suv,,,,used,,GCC
87,audi,a3,1.4 tfsi,2015,2015 AUDI A3 30TFSI || 4 Cylinder 1.4L || low mileage || well maintained,"2015 Audi A3 30TFSI
4 Cylinders, 1.4L
Low Mileage: 128,000kms
very well maintained
GCC specs
Upgraded screen
Original black rims from Audi
CLEAN CAR",https://dbz-images.dubizzle.com/images/2026/02/12/8e02c0e11bdb4ad4b9c37f0233a7c474-.jpeg?impolicy=dpv,,128000.0,sedan,,,petrol,used,,GCC
88,rolls-royce,ghost,standard,2010,Rolls-Royce Ghost 2010,"2010 Rolls-Royce Ghost
Engine and Performance
• 6.6L V12 Twin-Turbo Engine
• Power: 563 hp
• Torque: 575 lb-ft (approx. 780 Nm)
• Transmission: 8-speed Automatic
• Drivetrain: Rear-Wheel Drive (RWD)
• 0-100 km/h Acceleration: Approx. 4.8 seconds
• Top Speed: 250 km/h (Electronically Limited)
Fuel Consumption
• Fuel Consumption:
• City: 13 MPG
• Highway: 20 MPG
• Fuel Type: Premium Gasoline
• Length: 5.4 m
• Wheelbase: 129.7 in
• Weight: Approx. 2,470 kg
• Seating Capacity: 5 Interior Features
• Premium leather seats
• Heated and cooled front and rear seats
• 16-speaker sound system
• Navigation system + Bluetooth
• Soft-close rear doors
Systems and Technologies
• Very comfortable air suspension
• Night vision camera (optional)
• Front and rear parking sensors
• Cruise control
Rolls-Royce Ghost 2010
المحرك والأداء
• محرك 6.6 لتر V12 توين تيربو ￼
• القوة: 563 حصان ￼
• العزم: 575 رطل/قدم (حوالي 780 نيوتن متر) ￼
• ناقل الحركة: أوتوماتيك 8 سرعات ￼
• نظام الدفع: خلفي (RWD) ￼
• تسارع 0-100 كم: حوالي 4.8 ثانية ￼
• السرعة القصوى: 250 كم/س محددة إلكترونياً
الاستهلاك
• استهلاك الوقود:
• داخل المدينة: 13 MPG
• خارج المدينة: 20 MPG ￼
• نوع الوقود: بنزين ممتاز ￼
• الطول: 5.4 متر ￼
• قاعدة العجلات: 129.7 إنش ￼
• الوزن: حوالي 2,470 كجم ￼
• عدد المقاعد: 5 ركاب ￼
المواصفات الداخلية
• مقاعد جلد فاخر ￼
• تبريد وتسخين للمقاعد الأمام",https://dbz-images.dubizzle.com/images/2026/03/23/a38149a84806480aa4c7a62b47a8850c-.jpeg?impolicy=dpv,,,,,,,,,
89,lexus,es-series,es 350,2019,Lexus ES 350 2019 - GCC Specs - Perfect Condition,Selling a well-maintained 2019 Lexus ES 350 with GCC specifications. This car is in excellent condition and ready for a new owner. A reliable and luxurious sedan.,https://dbz-images.dubizzle.com/images/2026/03/24/6ffc9f3de2d745ffbe36094dec465d11-.jpeg?impolicy=dpv,,,sedan,,,,used,,GCC
90,mercedes-benz,a-class,a 45 amg,2014,Inspected Car | 2014 Mercedes-Benz A-Class A 45 AMG | GCC Specs | Ref#446535,"2014
Mercedes-Benz A-Class A 45 AMG
2000 - 2499 cc 4 cylinders
300 - 399 HP
--------------------------------------------
GCC Specs
139093 kms
1. White with Leather Interior
2. Power Sunroof
3. Heated Seats
4. Power Seats
5. Rear View Camera
6. Premium Sound System
7. Bluetooth System
8. Cruise Control
9. Tiptronic Gears
10. Park Assist
11. Front and Rear Parking Sensors
12. Dual Exhaust
13. All Wheel Drive
--------------------------------------------
AED 45000
--------------------------------------------
Buy this car with confidence from dubizzle cars!
What is dubizzle cars?
We believe the process of buying and selling a car in the UAE should be easy, transparent, and hassle-free. We help sellers find the right buyers for their cars, and buyers find the right cars for their needs.
What to expect from dubizzle cars?
✅ No guesswork
Know what you're buying with our standard condition report. All cars undergo a thorough bumper-to-bumper inspection at the time of listing and a 120-point report is available for serious buyers, which checks for engine leaks, electrical components, exterior paint condition and accident history, interior condition, and tire condition.
✅ No stress
Relax as the experts at dubizzle cars do all the work for you. We manage the interaction between the buyer and seller, from beginning to end. Your funds are fully protected at the transaction stage since we manage the ownership title transfer at RTA/Muroor.
Best part?
Need a more comprehensive inspection?
Upgrade to the advanced condition report for only AED 369
--------------------------------------------
This car can be yours in only 3 steps:
1) Schedule",https://dbz-images.dubizzle.com/images/2026/04/03/1e95fec1f2e54268b117e1d14325cd55-.jpeg?impolicy=dpc,45000.0,139093.0,hatchback,White,automatic,petrol,used,,GCC
91,audi,rs q3,2.5 tfsi quattro,2023,2023| AUDI RSQ3 | GCC | WARRANTY FROM AL NABODAH | EXCELLENT CONDITION | BEST PRICE |,"2023| AUDI RSQ3 | GCC | WARRANTY FROM AL NABODAH | EXCELLENT CONDITION | BEST PRICE |
The 2023 Audi RS Q3 is a high-performance SUV that delivers ""supercar level performance in the body of an SUV,"" featuring a 2.5-liter TFSI engine producing 400 horsepower and Audi's Quattro all-wheel-drive system. It is available as both an SUV and a Sportback with a coupe-like silhouette and includes distinctive RS styling with specific bumpers, diffusers, and spoilers. Key features also include athletic design, up to 400 hp, automatic transmission, and a top speed of 280 km/h.
Key Specifications
• Engine: 2.5-liter TFSI
• Horsepower: 400 hp
• Drivetrain: quattro all-wheel drive
• Transmission: Automatic
• Top Speed: 280 km/h
Design & Features
• Exterior:
Distinctive RS styling with aggressive front and rear bumpers, a rear diffuser with horizontal blades, and an RS-specific spoiler lip. It also features a Sportback model with a sleek, coupé-like roofline.
• Interior:
Luxurious interior with RS-specific elements, comfortable seating for up to five people, and adjustable rear seats.
• Technology:
Equipped with advanced technology, including LED headlights and driver seat memory features on some models.
Performance
• The RS Q3 is designed to blend everyday usability with exhilarating performance, offering an athletic driving experience.
• **THE (7SEVEN LUXURY) - THE TRUE DEFINITION OF LUXURY
• ** Multi brand dealer with decades of experience in the UAE for new and pre-owned luxury vehicles.
•
** We are committed to providing exceptional service in every part of our business, as customer satisfaction is our top priority.
•
**For more details follow us on INSTA ""sevenluxury.ae"" and visit our showroom in Al Quoz industrial area 3 Dubai.
CONTACT:",https://dbz-images.dubizzle.com/images/2026/05/14/aae8bae3db71468da471b4e4cfc45f5c-.jpeg?impolicy=dpv,,,suv,,automatic,,used,,GCC
92,chery,arrizo 5,comfort,2026,Arizzo 5 Free service Official Dealer (AWR ) warranty 6 Years -ضمان الوكيل الرسمي,"Cherry Arizzo 5 - 2026
Engine 1.5L
HP 114
Fuel type: Gasoline
Cylinders 4
EXTERIOR & INTERIOR
Large touchscreen infotainment centre (9″)
Leather Seats in Highline trim
LED Headlights with Daytime Running LED Lights.
SAFETY & COMFORT
ABS (Anti-lock Braking System)
EBD (Electronic Brakeforce Distribution)
Reversing Radar Rear View Camera
TECHNOLOGY
10.25″ Central Control Screen
Android Auto / Apple CarPlay support
Keyless entry & Push-Start
One-Touch Start Keyless Entry",https://dbz-images.dubizzle.com/images/2026/01/29/a07e942f46f34ccfa70010197479cfce-.webp?impolicy=dpv,,,sedan,,,,new,6.0,
93,volkswagen,t-roc,style,2024,Downpayment Assist | VW Certified | Fully Inspected | Like New | Warranty Service,"Description
2024 Volkswagen T-Roc 1.4 Style Black Edition
AED 89 900 or AED 1380/ Month with a 20% Down Payment over 5 Years.
----------------------------------------------
- Mileage 39000 Kms
- FREE Registration
- Comes With 2 x Keys
- Excellent Condition
- GCC Specifications
-------------------------------------------------
Full Options List Includes :
- Adaptive Cruise Control
- Blind Spot Assistance
- Fabric Interior
- Wireless Car Play
- Auto Headlamps
- Parking Sensors and Camera
- Adjustable seats
- Aluminum Wheels
-------------------------------------------------------
📞 Call / WhatsApp now
Imtiyaz Khan ( English/ Hindi/Urdu/Kokani)
---------------------------------------------------------
Address:
📍Rashidiya Volkswagen Showroom
Dubai
Nad Al Hamar Road,
🕙Open Daily | 10 AM – 7 PM
🔁 We accept all types of cars for trade-in",https://dbz-images.dubizzle.com/images/2026/06/10/60b5349368254118b54642c0356d8121-.jpeg?impolicy=dpv,89900.0,39000.0,suv,,,,used,,GCC
94,bmw,i4,edrive35,2024,"AED 2,340 P.M | 2024 BMW i4 Gran Coupé eDrive35 MSport | BMW Warranty and Service Contract | GCC |","AED 2,340 P.M | 2024 BMW i4 Gran Coupé eDrive35 M Sport | Under BMW Warranty & Service Contract | GCC | 179,000 AED
✅ GCC Specs
✅ Full Service History by BMW
✅ BMW Warranty Until 28/05/2029 or 200,000 KM
✅ BMW Service Contract Until 28/05/2030 (Unlimited Mileage)
✅ Engine Specs: Electric Motor — 286 HP
AED 2,340 Monthly (20% Down Payment) Over 5 Years.
Flexible Down Payment Option.
—————————
VEHICLE SPECS:
GCC Specs
5+ Doors / 5 Seats
Electric
17,138 Km
286 HP
Rear Wheel Drive
Battery Capacity: 66.0 kWh (Usable)
Driving Range: Up to 483 km (WLTP)
Home Charging (AC 11 kW): Approx. 6.5 hours (0–100%)
Fast Charging (DC up to 180 kW): 10–80% in approx. 32 minutes
—————————
OPTIONS & FEATURES:
M Sport Package
M Leather Steering Wheel
M Aerodynamics Package
BMW Individual Headliner in Anthracite
Acoustic Protection for Pedestrians
Acoustic Seat-Belt Warning
Ambient Lighting
Automatic Air Conditioning
Automatic Operation of Tailgate
BMW Individual High-Gloss Shadow Line
Comfort Access System
Driving Assistant Professional
Electric Glass Roof
Harman Kardon Surround Sound System
High-Beam Assistant
Lumbar Support (Driver & Front Passenger)
M Sport Brake
Parking Assistant Plus
Apple CarPlay
Android Auto
Seat Adjustment, Electric with Memory
Wireless Charging Tray
360 Camera
—————————
CONTACT:
Anna (English & Russian)
William (Arabic & English)
Majed (Arabic & English)
—————————
FINANCING (Required):
1- Emirates ID
2- Emirates Driving License (full cover insurance for loan applicable only)<b",https://dbz-images.dubizzle.com/images/2026/02/19/d3afc6e784bf46e1abfb1cf828352bd4-.png?impolicy=dpv,179000.0,17138.0,,,,electric,used,5.0,GCC
95,haval,h9,4wd,2026,Haval H9 2026 GCC specs | Agency Warranty,"Payment plans through bank finance:
• AED 2,040.00 monthly for 5 years with 10% Down-Payment
• AED 1,813.00 monthly for 5 years with 20% Down-Payment
• AED 115,750.00 in cash
Discover the exceptional 2026 Haval H9 Medium SUV – a stunning blend of sophistication, power, and innovation. With a remarkable 2.0 L petrol engine delivering 218 hp , this 4WD vehicle ensures a dynamic driving experience, complemented by an 8-speed automatic transmission.
Step inside to indulge in luxury with leather upholstery and a stylish orange interior. The Haval H9 offers seamless connectivity with Apple CarPlay and Android Auto integrated into the multimedia navigation system. You’ll appreciate the convenience of keyless entry, push-button start , and advanced electronic controls.
Safety is paramount with features such as ABS, TCS, TPMS, Parktronic systems, and a 360° camera. Navigate effortlessly with hill-assist control, downhill-assist control , and traffic-sign recognition. The Agency Warranty covers 6 years or 200,000 km, ensuring peace of mind.
• Flexible Down-Payment Options Available
• Brand New – Only 18 km mileage
• Price excludes 5% VAT
Elevate your adventures with the Haval H9 – where luxury meets performance. Book a test drive today!
Equipment:
• Anti-lock braking system (ABS)
• Traction control system (TCS)
• Tire-pressure monitoring system (TPMS)
• On-board computer
• Cruise control
• Parktronic front and rear
• 360° camera
• Hill-assist control (HAC)
• Traffic-sign recognition (TSR)
• Push button start
• Keyless entry
• Navigation system
• Multimedia system
• Apple CarPlay
• Android Auto
• Audio system
• Multifunction steering wheel
• Leather upholstery
• Sunroof
• Gear shift paddles
• Downhill-assist control (DAC)
• Decorative interior lighting
• Electronic dashboard
• Orange interior
• Touchscreen
• Electronic",https://dbz-images.dubizzle.com/images/2025/12/31/c31a4f6cdbe24ac5981ea279dcf36bcb-.jpeg?impolicy=dpv,115750.0,18.0,suv,,automatic,petrol,new,6.0,GCC
96,mercedes-benz,gla-class,gla 35 amg 4matic,2024,"3,819 P.M | 0% Downpayment | GLA 35 AMG | AGENCY WARRANTY/SERVICE!","⚡ AED 3,819 per month with 0% down-payment through bank finance
▔▔▔▔▔▔▔▔▔▔
✏️ Key Details:
✳️ Warranty: Until 24-June-2029 or 105,000 KM
⚙️ Service Contract: Until 25-June-2029 or 105,000 KM
✂️ Wheel Size: 21""
▔▔▔▔▔▔▔▔▔▔
✅ Why Choose This Car?
2024 Mercedes-Benz GLA: Unleash the Power with Cutting-Edge Innovation
Experience driving perfection with this BRAND NEW 2024 Mercedes-Benz GLA 35 AMG, boasting only 100 KM. Styled in stunning white, this powerhouse combines luxury with thrilling performance in every detail. The 35 AMG delivers an exhilarating ride, sporty handling, and head-turning appeal. Premium craftsmanship and advanced features make every journey first-class. Ideal for those seeking a high-performance SUV with showroom-fresh condition. Don’t miss this rare opportunity!
▔▔▔▔▔▔▔▔▔▔
✅ Feature Highlights:
- Blind Spot Indicator
- Cruise Control
- Rear AC
- Apple Car Play
- ISOFIX
- Ambient Lighting
- Panoramic Sunroof
- 360 Camera
- Collision Warning
- Navigation
- Rear Camera
- Heads Up Display
- Electric Seats
- Keyless Start
- Driving Modes
- Electric Tailgate
- Parking Sensors
- Leather Seats
- Keyless Entry
- And Much More...
▔▔▔▔▔▔▔▔▔▔
⏰ Timing:
Open from Monday to Sunday (09:00 AM - 10:00 PM)
▔▔▔▔▔▔▔▔▔▔
⚡ Cash Buyers:
Provide:
1️⃣ Emirates ID
2️⃣ Driving License
▔▔▔▔▔▔▔▔▔▔
✏️ Finance Buyers:
Required Documents:
Employed:
1️⃣ Salary Certificate
2️⃣ 3-month bank statement (stamped)
3️⃣ Passport & Visa copies
4️⃣ Emirates ID copy
Self-Employed:
1️⃣ Trade License
2️⃣ MOA
3️⃣ Passport copies of all partners
4️⃣ Emirate",https://dbz-images.dubizzle.com/images/2026/04/17/d387c4fc1916480190418ef8daf82218-.jpeg?impolicy=dpv,,100.0,suv,white,,,new,,
97,ford,explorer,xlt,2012,FORD EXPLORER XLT | 2012 | 7 SEATES | CLEAN CAR LOW MILEAGE FRESH JAPAN IMPORT,"• Ford Explorer XLT
• Year Of the Model - 2012
• Black Interior
• Low Mileage
• KM - 78000 KM
• Japan Imported
• Recently Arrived
• Neat & Clean Car
•••••••••••••••••••••••••••••••••••••••••••••••••••••••
Follow Us On Instagram For More Luxury Cars, Just Click on the Link.
•••••••••••••••••••••••••••••••••••••••••••••••••••••••
We have Direct access more then 160 Auctions in Japan. We can buy any type or any Model of the car by your Special Order,
So if you are Looking for Any type of the Car, Contact with Us or visit Our Showroom Royal Motors FZCO,
•••••••••••••••••••••••••••••••••••••••••••••••••••••••
And Also Visit Our Website
Just Click The Link And Check The Exclusive Model Of Mercedes Benz
•••••••••••••••••••••••••••••••••••••••••••••••••••••••
About Us :
A name you can trust, Welcome to Mirza Automobile FZE, We've been in the auto industry for 16 years in UAE, and 30 years in Japan.
•••••••••••••••••••••••••••••••••••••••••••••••••••••••
•••••••••••••••••••••••••••••••••••••••••••",https://dbz-images.dubizzle.com/images/2026/01/15/b50957e4a9b447bdb3d6f4acd43e1736-.jpeg?impolicy=dpv,,78000.0,suv,null,,,used,,Japanese
98,chevrolet,captiva,premier,2023,2023 Chevrolet Captiva Premier - GCC Specs,"0% down payment option available!
Monthly starting from 2299 AED per month
Pristine 2023 Chevrolet Captiva Premier, GCC Specs. A spacious and reliable SUV perfect for families. Top-of-the-line Premier trim with all the features you need. Well-maintained and in excellent condition. Don't miss out!",https://dbz-images.dubizzle.com/images/2026/04/22/cbdc1ca1b8e94f4ca688ff2a6e60bf2f-.jpeg?impolicy=dpv,,,suv,,,,used,,GCC
99,mercedes-benz,gle-class,gle 400 4matic,2020,AED 2887/month | 2020 Mercedes-Benz GLE-Class GLE 400 | GCC Specs | Ref#456721,"Starting from 2887 per month
Payable in 60 months
20% down payment
**Bank terms & conditions may apply
2020
Mercedes-Benz GLE-Class
3000 - 3499 cc 6 cylinders
300 - 399 HP
--------------------------------------------
GCC Specs
73361 kms
1. Black with Leather Interior
2. Front and Rear Parking Sensors
3. Premium Sound System
4. Heads Up Display
5. Bluetooth System
6. Keyless Entry and Start
7. Heated and Cooled Seats
8. Power Seats
9. 360 Degree Camera
10. Blind Spot Indicator
11. Cruise Control
12. Tiptronic Gears
13. Lane Change Assist
14. Park Assist
15. Adaptive Suspension
16. Height Control
17. Side Steps
18. Panoramic Sunroof
19. All Wheel Drive
--------------------------------------------
AED 190000
--------------------------------------------
Buy this car with confidence from dubizzle cars!
What is dubizzle cars?
We believe the process of buying and selling a car in the UAE should be easy, transparent, and hassle-free. We help sellers find the right buyers for their cars, and buyers find the right cars for their needs.
What to expect from dubizzle cars?
✅ No guesswork
Know what you're buying with our standard condition report. All cars undergo a thorough bumper-to-bumper inspection at the time of listing and a 120-point report is available for serious buyers, which checks for engine leaks, electrical components, exterior paint condition and accident history, interior condition, and tire condition.
✅ No stress
Relax as the experts at dubizzle cars do all the work for you. We manage the interaction between the buyer and seller, from beginning to end. Your funds are fully protected at the transaction stage since we manage the ownership title transfer at RTA/Muroor.
Best part?
This service is provided to you by a team",https://dbz-images.dubizzle.com/images/2026/04/23/63320c67f185487caf338d7530eb83b7-.jpeg?impolicy=dpc,190000.0,73361.0,suv,Black,,,used,,GCC
